ts,camera,age_s,detect_ms,status
1790131539.902,pilot01,0.1,30.2,ok
1790131539.902,pilot02,0.1,40.7,ok
1790131539.902,pilot03,0.1,50.1,ok
1790131539.902,pilot04,0.0,80.3,ok
1790131541.909,pilot01,0.1,35.9,ok
1790131541.909,pilot02,0.1,50.7,ok
1790131541.909,pilot03,0.1,60.3,ok
1790131541.909,pilot04,0.0,89.8,ok
1790131543.936,pilot01,0.1,31.2,ok
1790131543.936,pilot02,0.1,39.2,ok
1790131543.936,pilot03,0.1,47.6,ok
1790131543.936,pilot04,0.1,75.0,ok
1790131545.967,pilot01,0.2,40.6,ok
1790131545.967,pilot02,0.1,57.2,ok
1790131545.967,pilot03,0.1,77.2,ok
1790131545.967,pilot04,0.1,109.4,ok
1790131547.972,pilot01,0.2,31.5,ok
1790131547.972,pilot02,0.2,38.7,ok
1790131547.972,pilot03,0.1,50.7,ok
1790131547.972,pilot04,0.1,76.5,ok
1790131549.994,pilot01,0.2,32.8,ok
1790131549.994,pilot02,0.2,40.6,ok
1790131549.994,pilot03,0.1,52.2,ok
1790131549.994,pilot04,0.1,79.3,ok
1790131552.019,pilot01,0.2,30.2,ok
1790131552.019,pilot02,0.2,34.7,ok
1790131552.019,pilot03,0.2,45.1,ok
1790131552.019,pilot04,0.1,73.1,ok
1790131554.025,pilot01,0.2,29.0,ok
1790131554.025,pilot02,0.2,38.6,ok
1790131554.025,pilot03,0.2,49.1,ok
1790131554.025,pilot04,0.1,77.9,ok
1790131556.029,pilot01,0.2,29.6,ok
1790131556.03,pilot02,0.2,36.9,ok
1790131556.03,pilot03,0.2,45.8,ok
1790131556.03,pilot04,0.1,76.9,ok
1790131558.059,pilot01,0.3,25.5,ok
1790131558.059,pilot02,0.2,40.1,ok
1790131558.06,pilot03,0.2,50.1,ok
1790131558.06,pilot04,0.2,76.6,ok
1790131560.086,pilot01,0.3,30.0,ok
1790131560.086,pilot02,0.3,35.2,ok
1790131560.086,pilot03,0.2,45.7,ok
1790131560.086,pilot04,0.2,71.8,ok
1790131562.107,pilot01,0.3,30.6,ok
1790131562.107,pilot02,0.3,38.2,ok
1790131562.107,pilot03,0.2,49.1,ok
1790131562.107,pilot04,0.2,86.3,ok
1790131564.131,pilot01,0.3,39.9,ok
1790131564.131,pilot02,0.3,55.6,ok
1790131564.131,pilot03,0.2,74.2,ok
1790131564.131,pilot04,0.2,112.6,ok
1790131566.148,pilot01,0.3,30.1,ok
1790131566.148,pilot02,0.3,36.6,ok
1790131566.148,pilot03,0.3,47.5,ok
1790131566.148,pilot04,0.2,74.6,ok
1790131568.169,pilot01,0.3,31.0,ok
1790131568.169,pilot02,0.3,38.7,ok
1790131568.169,pilot03,0.3,48.7,ok
1790131568.169,pilot04,0.3,79.3,ok
1790131847.699,pilot01,0.4,25.7,ok
1790131847.699,pilot02,0.4,23.9,ok
1790131847.699,pilot03,0.4,40.4,ok
1790131847.699,pilot04,0.4,42.0,ok
1790131849.704,pilot01,0.4,42.4,ok
1790131849.704,pilot02,0.4,44.2,ok
1790131849.704,pilot03,0.4,76.5,ok
1790131849.704,pilot04,0.3,88.8,ok
1790131851.71,pilot01,0.4,28.1,ok
1790131851.71,pilot02,0.4,29.6,ok
1790131851.71,pilot03,0.4,55.5,ok
1790131851.71,pilot04,0.4,63.9,ok
1790131853.714,pilot01,0.5,26.1,ok
1790131853.714,pilot02,0.4,23.2,ok
1790131853.714,pilot03,0.4,43.1,ok
1790131853.714,pilot04,0.4,45.1,ok
1790131855.72,pilot01,0.4,29.0,ok
1790131855.72,pilot02,0.4,25.0,ok
1790131855.72,pilot03,0.4,42.8,ok
1790131855.72,pilot04,0.4,42.4,ok
1790131857.752,pilot01,0.5,26.0,ok
1790131857.752,pilot02,0.5,23.1,ok
1790131857.752,pilot03,0.4,43.2,ok
1790131857.752,pilot04,0.4,42.5,ok
1790131859.777,pilot01,0.0,26.9,ok
1790131859.777,pilot02,0.5,42.8,ok
1790131859.777,pilot03,0.4,73.0,ok
1790131859.777,pilot04,0.4,83.4,ok
1790131861.8,pilot01,0.0,24.8,ok
1790131861.8,pilot02,0.5,25.5,ok
1790131861.8,pilot03,0.5,43.5,ok
1790131861.801,pilot04,0.4,43.0,ok
1790131863.805,pilot01,0.0,29.3,ok
1790131863.805,pilot02,0.5,48.8,ok
1790131863.805,pilot03,0.4,79.8,ok
1790131863.805,pilot04,0.4,88.6,ok
1790131865.832,pilot01,0.0,27.8,ok
1790131865.832,pilot02,0.0,31.2,ok
1790131865.833,pilot03,0.5,42.2,ok
1790131865.833,pilot04,0.5,40.0,ok
1790131867.838,pilot01,0.0,27.1,ok
1790131867.838,pilot02,0.0,28.0,ok
1790131867.838,pilot03,0.0,41.9,ok
1790131867.838,pilot04,0.5,42.4,ok
1790131869.845,pilot01,0.1,28.5,ok
1790131869.845,pilot02,0.0,28.8,ok
1790131869.845,pilot03,0.0,44.7,ok
1790131869.845,pilot04,0.4,79.4,ok
1790131871.852,pilot01,0.1,25.0,ok
1790131871.852,pilot02,0.0,25.3,ok
1790131871.852,pilot03,0.0,39.8,ok
1790131871.852,pilot04,0.5,37.9,ok
1790131873.859,pilot01,0.1,35.5,ok
1790131873.859,pilot02,0.0,40.4,ok
1790131873.859,pilot03,0.5,42.3,ok
1790131873.859,pilot04,0.5,39.6,ok
1790131875.864,pilot01,0.1,27.5,ok
1790131875.864,pilot02,0.0,23.5,ok
1790131875.864,pilot03,0.0,50.6,ok
1790131875.864,pilot04,0.5,34.8,ok
1790132154.916,pilot01,0.2,39.2,ok
1790132154.916,pilot02,0.1,50.4,ok
1790132154.916,pilot03,0.1,75.1,ok
1790132154.916,pilot04,0.1,88.9,ok
1790132156.922,pilot01,0.2,26.1,ok
1790132156.922,pilot02,0.2,22.6,ok
1790132156.922,pilot03,0.1,38.1,ok
1790132156.922,pilot04,0.1,51.1,ok
1790132158.928,pilot01,0.2,26.1,ok
1790132158.928,pilot02,0.2,28.5,ok
1790132158.928,pilot03,0.1,45.1,ok
1790132158.928,pilot04,0.1,50.0,ok
1790132160.933,pilot01,0.2,36.2,ok
1790132160.933,pilot02,0.1,40.5,ok
1790132160.933,pilot03,0.1,65.1,ok
1790132160.933,pilot04,0.1,80.7,ok
1790132162.938,pilot01,0.2,26.1,ok
1790132162.938,pilot02,0.2,20.6,ok
1790132162.938,pilot03,0.1,37.5,ok
1790132162.938,pilot04,0.1,55.6,ok
1790132164.967,pilot01,0.2,24.6,ok
1790132164.967,pilot02,0.2,20.5,ok
1790132164.967,pilot03,0.2,38.9,ok
1790132164.967,pilot04,0.1,58.1,ok
1790132166.991,pilot01,0.2,24.6,ok
1790132166.991,pilot02,0.2,21.5,ok
1790132166.991,pilot03,0.2,40.0,ok
1790132166.991,pilot04,0.2,44.5,ok
1790132168.996,pilot01,0.2,25.6,ok
1790132168.996,pilot02,0.2,18.6,ok
1790132168.996,pilot03,0.2,34.1,ok
1790132168.996,pilot04,0.2,42.6,ok
1790132171.013,pilot01,0.2,24.5,ok
1790132171.013,pilot02,0.2,17.9,ok
1790132171.013,pilot03,0.2,37.7,ok
1790132171.013,pilot04,0.2,43.3,ok
1790132173.018,pilot01,0.2,36.1,ok
1790132173.018,pilot02,0.2,66.1,ok
1790132173.018,pilot03,0.2,39.0,ok
1790132173.018,pilot04,0.1,87.4,ok
1790132175.023,pilot01,0.3,25.5,ok
1790132175.023,pilot02,0.2,38.0,ok
1790132175.023,pilot03,0.2,18.5,ok
1790132175.023,pilot04,0.2,44.5,ok
1790132177.044,pilot01,0.3,42.6,ok
1790132177.044,pilot02,0.2,48.0,ok
1790132177.044,pilot03,0.2,66.1,ok
1790132177.044,pilot04,0.2,70.6,ok
1790132179.071,pilot01,0.3,37.8,ok
1790132179.071,pilot02,0.3,38.6,ok
1790132179.071,pilot03,0.2,65.8,ok
1790132179.071,pilot04,0.2,81.0,ok
1790132181.077,pilot01,0.3,25.5,ok
1790132181.077,pilot02,0.3,26.5,ok
1790132181.077,pilot03,0.2,45.5,ok
1790132181.077,pilot04,0.2,50.1,ok
1790132183.082,pilot01,0.3,25.6,ok
1790132183.082,pilot02,0.3,19.1,ok
1790132183.082,pilot03,0.3,36.2,ok
1790132183.082,pilot04,0.2,39.5,ok
1790132461.979,pilot01,0.3,29.0,ok
1790132461.979,pilot02,0.2,29.7,ok
1790132461.979,pilot03,0.2,44.0,ok
1790132461.979,pilot04,0.2,58.9,ok
1790132463.986,pilot01,0.3,27.4,ok
1790132463.986,pilot02,0.2,30.5,ok
1790132463.986,pilot03,0.2,36.5,ok
1790132463.986,pilot04,0.2,44.9,ok
1790132466.002,pilot01,0.3,35.9,ok
1790132466.002,pilot02,0.2,36.0,ok
1790132466.002,pilot03,0.2,48.1,ok
1790132466.002,pilot04,0.2,64.6,ok
1790132468.018,pilot01,0.3,33.9,ok
1790132468.018,pilot02,0.3,32.0,ok
1790132468.018,pilot03,0.2,46.0,ok
1790132468.018,pilot04,0.2,63.0,ok
1790132470.048,pilot01,0.3,24.5,ok
1790132470.048,pilot02,0.3,18.5,ok
1790132470.048,pilot03,0.3,23.0,ok
1790132470.048,pilot04,0.3,31.0,ok
1790132472.069,pilot01,0.3,25.5,ok
1790132472.069,pilot02,0.3,19.0,ok
1790132472.069,pilot03,0.3,24.0,ok
1790132472.069,pilot04,0.3,33.0,ok
1790132474.075,pilot01,0.3,25.7,ok
1790132474.075,pilot02,0.3,21.2,ok
1790132474.075,pilot03,0.3,27.6,ok
1790132474.075,pilot04,0.3,44.3,ok
1790132476.097,pilot01,0.4,33.8,ok
1790132476.097,pilot02,0.3,27.8,ok
1790132476.097,pilot03,0.3,41.8,ok
1790132476.097,pilot04,0.3,57.5,ok
1790132478.102,pilot01,0.4,26.0,ok
1790132478.102,pilot02,0.3,22.1,ok
1790132478.102,pilot03,0.3,28.5,ok
1790132478.102,pilot04,0.3,33.5,ok
1790132480.128,pilot01,0.4,23.7,ok
1790132480.128,pilot02,0.4,20.3,ok
1790132480.128,pilot03,0.3,26.0,ok
1790132480.128,pilot04,0.3,44.4,ok
1790132482.147,pilot01,0.4,34.2,ok
1790132482.147,pilot02,0.4,28.2,ok
1790132482.147,pilot03,0.3,42.4,ok
1790132482.147,pilot04,0.3,57.6,ok
1790132484.169,pilot01,0.4,28.1,ok
1790132484.169,pilot02,0.4,18.0,ok
1790132484.169,pilot03,0.4,20.7,ok
1790132484.169,pilot04,0.4,27.6,ok
1790132486.192,pilot01,0.4,27.0,ok
1790132486.192,pilot02,0.4,23.0,ok
1790132486.192,pilot03,0.4,25.5,ok
1790132486.192,pilot04,0.4,43.8,ok
1790132488.196,pilot01,0.4,33.0,ok
1790132488.196,pilot02,0.4,28.7,ok
1790132488.196,pilot03,0.4,38.1,ok
1790132488.196,pilot04,0.3,58.9,ok
1790132490.2,pilot01,0.4,25.0,ok
1790132490.2,pilot02,0.4,21.0,ok
1790132490.2,pilot03,0.4,24.5,ok
1790132490.2,pilot04,0.4,29.0,ok
1790132769.228,pilot01,0.0,36.0,ok
1790132769.228,pilot02,0.5,31.7,ok
1790132769.228,pilot03,0.5,37.6,ok
1790132769.228,pilot04,0.4,61.6,ok
1790132771.25,pilot01,0.1,26.9,ok
1790132771.25,pilot02,0.0,18.7,ok
1790132771.25,pilot03,0.0,21.0,ok
1790132771.25,pilot04,0.5,45.4,ok
1790132773.257,pilot01,0.1,25.7,ok
1790132773.257,pilot02,0.0,24.5,ok
1790132773.257,pilot03,0.0,19.0,ok
1790132773.257,pilot04,0.5,56.2,ok
1790132775.262,pilot01,0.1,36.1,ok
1790132775.262,pilot02,0.0,31.7,ok
1790132775.262,pilot03,0.5,22.5,ok
1790132775.262,pilot04,0.5,48.1,ok
1790132777.282,pilot01,0.1,25.0,ok
1790132777.282,pilot02,0.1,18.5,ok
1790132777.282,pilot03,0.0,20.2,ok
1790132777.282,pilot04,0.0,28.3,ok
1790132779.289,pilot01,0.1,25.0,ok
1790132779.289,pilot02,0.1,19.0,ok
1790132779.289,pilot03,0.0,27.6,ok
1790132779.289,pilot04,0.5,45.7,ok
1790132781.295,pilot01,0.1,35.3,ok
1790132781.295,pilot02,0.0,35.0,ok
1790132781.295,pilot03,0.0,38.8,ok
1790132781.295,pilot04,0.5,25.5,ok
1790132783.301,pilot01,0.1,30.7,ok
1790132783.301,pilot02,0.1,24.5,ok
1790132783.301,pilot03,0.0,23.1,ok
1790132783.301,pilot04,0.0,34.2,ok
1790132785.306,pilot01,0.1,24.5,ok
1790132785.306,pilot02,0.1,20.5,ok
1790132785.306,pilot03,0.0,27.6,ok
1790132785.306,pilot04,0.0,35.3,ok
1790132787.313,pilot01,0.1,44.1,ok
1790132787.313,pilot02,0.0,53.7,ok
1790132787.313,pilot03,0.0,55.2,ok
1790132787.313,pilot04,0.5,31.9,ok
1790132789.317,pilot01,0.1,25.6,ok
1790132789.317,pilot02,0.1,25.2,ok
1790132789.317,pilot03,0.0,18.0,ok
1790132789.317,pilot04,0.0,27.0,ok
1790132791.336,pilot01,0.1,25.2,ok
1790132791.336,pilot02,0.1,18.1,ok
1790132791.336,pilot03,0.1,20.9,ok
1790132791.336,pilot04,0.0,26.8,ok
1790132793.352,pilot01,0.1,34.0,ok
1790132793.352,pilot02,0.1,33.0,ok
1790132793.352,pilot03,0.1,41.6,ok
1790132793.352,pilot04,0.0,47.7,ok
1790132795.357,pilot01,0.1,24.5,ok
1790132795.357,pilot02,0.1,24.4,ok
1790132795.357,pilot03,0.1,21.2,ok
1790132795.357,pilot04,0.0,29.5,ok
1790132797.362,pilot01,0.1,26.0,ok
1790132797.362,pilot02,0.1,20.0,ok
1790132797.362,pilot03,0.1,19.0,ok
1790132797.362,pilot04,0.0,30.0,ok
1790133076.348,pilot01,0.2,26.5,ok
1790133076.348,pilot02,0.1,20.7,ok
1790133076.348,pilot03,0.1,27.2,ok
1790133076.348,pilot04,0.1,53.8,ok
1790133078.377,pilot01,0.2,40.2,ok
1790133078.377,pilot02,0.1,39.4,ok
1790133078.377,pilot03,0.1,54.9,ok
1790133078.377,pilot04,0.1,78.7,ok
1790133080.382,pilot01,0.2,28.9,ok
1790133080.382,pilot02,0.2,19.8,ok
1790133080.382,pilot03,0.1,36.6,ok
1790133080.382,pilot04,0.1,57.3,ok
1790133082.388,pilot01,0.2,35.0,ok
1790133082.388,pilot02,0.2,19.5,ok
1790133082.388,pilot03,0.1,27.8,ok
1790133082.388,pilot04,0.1,49.3,ok
1790133084.409,pilot01,0.2,25.0,ok
1790133084.409,pilot02,0.2,19.5,ok
1790133084.409,pilot03,0.2,26.5,ok
1790133084.409,pilot04,0.1,46.6,ok
1790133086.434,pilot01,0.2,25.9,ok
1790133086.434,pilot02,0.2,19.0,ok
1790133086.434,pilot03,0.2,27.5,ok
1790133086.434,pilot04,0.2,49.1,ok
1790133088.439,pilot01,0.2,25.9,ok
1790133088.44,pilot02,0.2,18.5,ok
1790133088.44,pilot03,0.2,28.6,ok
1790133088.44,pilot04,0.2,49.0,ok
1790133090.445,pilot01,0.2,27.5,ok
1790133090.445,pilot02,0.2,34.6,ok
1790133090.445,pilot03,0.2,44.1,ok
1790133090.445,pilot04,0.1,62.6,ok
1790133092.468,pilot01,0.3,27.1,ok
1790133092.468,pilot02,0.2,18.8,ok
1790133092.468,pilot03,0.2,29.0,ok
1790133092.468,pilot04,0.2,46.5,ok
1790133094.473,pilot01,0.2,42.6,ok
1790133094.473,pilot02,0.2,32.5,ok
1790133094.473,pilot03,0.2,43.4,ok
1790133094.473,pilot04,0.2,69.5,ok
1790133096.503,pilot01,0.3,26.2,ok
1790133096.503,pilot02,0.3,18.6,ok
1790133096.503,pilot03,0.2,27.6,ok
1790133096.503,pilot04,0.2,45.1,ok
1790133098.523,pilot01,0.3,25.1,ok
1790133098.523,pilot02,0.3,20.1,ok
1790133098.523,pilot03,0.3,31.7,ok
1790133098.523,pilot04,0.2,48.3,ok
1790133100.527,pilot01,0.3,26.7,ok
1790133100.527,pilot02,0.3,18.1,ok
1790133100.527,pilot03,0.3,28.7,ok
1790133100.527,pilot04,0.2,43.7,ok
1790133102.533,pilot01,0.3,25.5,ok
1790133102.533,pilot02,0.3,18.5,ok
1790133102.533,pilot03,0.3,29.7,ok
1790133102.533,pilot04,0.2,45.7,ok
1790133104.556,pilot01,0.3,25.7,ok
1790133104.556,pilot02,0.3,18.1,ok
1790133104.556,pilot03,0.3,32.2,ok
1790133104.556,pilot04,0.3,47.2,ok
1790133383.298,pilot01,0.1,26.1,ok
1790133383.298,pilot02,0.1,19.9,ok
1790133383.298,pilot03,0.1,38.6,ok
1790133383.298,pilot04,0.1,58.6,ok
1790133385.304,pilot01,0.1,28.1,ok
1790133385.304,pilot02,0.1,19.5,ok
1790133385.304,pilot03,0.1,39.5,ok
1790133385.304,pilot04,0.1,57.9,ok
1790133387.31,pilot01,0.1,39.7,ok
1790133387.31,pilot02,0.1,33.5,ok
1790133387.31,pilot03,0.1,61.5,ok
1790133387.31,pilot04,0.0,91.0,ok
1790133389.316,pilot01,0.1,24.8,ok
1790133389.316,pilot02,0.1,18.0,ok
1790133389.316,pilot03,0.1,35.0,ok
1790133389.316,pilot04,0.1,58.5,ok
1790133391.322,pilot01,0.1,25.1,ok
1790133391.322,pilot02,0.1,21.5,ok
1790133391.322,pilot03,0.1,41.0,ok
1790133391.322,pilot04,0.1,64.6,ok
1790133393.341,pilot01,0.2,37.0,ok
1790133393.341,pilot02,0.1,28.5,ok
1790133393.341,pilot03,0.1,54.5,ok
1790133393.341,pilot04,0.1,89.0,ok
1790133395.365,pilot01,0.2,25.5,ok
1790133395.365,pilot02,0.2,21.1,ok
1790133395.365,pilot03,0.1,37.6,ok
1790133395.365,pilot04,0.1,58.5,ok
1790133397.391,pilot01,0.2,25.5,ok
1790133397.391,pilot02,0.2,23.5,ok
1790133397.391,pilot03,0.2,43.1,ok
1790133397.391,pilot04,0.1,66.2,ok
1790133399.419,pilot01,0.2,25.0,ok
1790133399.419,pilot02,0.2,18.7,ok
1790133399.419,pilot03,0.2,39.3,ok
1790133399.419,pilot04,0.2,58.3,ok
1790133401.445,pilot01,0.3,26.1,ok
1790133401.445,pilot02,0.2,19.0,ok
1790133401.445,pilot03,0.2,36.0,ok
1790133401.445,pilot04,0.2,70.5,ok
1790133403.474,pilot01,0.3,26.0,ok
1790133403.474,pilot02,0.3,19.0,ok
1790133403.474,pilot03,0.2,38.0,ok
1790133403.474,pilot04,0.2,58.0,ok
1790133405.497,pilot01,0.3,35.0,ok
1790133405.497,pilot02,0.2,55.6,ok
1790133405.497,pilot03,0.3,27.5,ok
1790133405.497,pilot04,0.2,88.1,ok
1790133407.503,pilot01,0.3,26.1,ok
1790133407.503,pilot02,0.2,55.1,ok
1790133407.503,pilot03,0.3,32.3,ok
1790133407.503,pilot04,0.2,76.9,ok
1790133409.507,pilot01,0.3,26.2,ok
1790133409.507,pilot02,0.3,39.5,ok
1790133409.507,pilot03,0.3,20.5,ok
1790133409.507,pilot04,0.2,60.6,ok
1790133411.534,pilot01,0.3,25.0,ok
1790133411.534,pilot02,0.3,20.0,ok
1790133411.534,pilot03,0.3,41.1,ok
1790133411.534,pilot04,0.2,75.1,ok
