ts,elapsed_s,server_pid,server_rss_mb,server_cpu_s,server_cores,sys_cpu_pct,sys_avail_mb,vram_used_mb
2026-09-23T03:40:37,10,33936,3189.4,2042.58,,45,32137,3185
2026-09-23T03:40:53,25.8,33936,3259.3,2193.56,6.08,43,31966,3225
2026-09-23T03:41:09,41.5,33936,3256.9,2287.17,5.95,39,32202,3204
2026-09-23T03:41:24,57.2,33936,3229.3,2381.86,6.04,62,31991,3224
2026-09-23T03:41:40,73,33936,3262.4,2474.83,5.87,48,31992,3220
2026-09-23T03:41:56,88.7,33936,3237.3,2569.17,6.01,53,32020,3214
2026-09-23T03:42:12,104.3,33936,3252.6,2663.58,6.03,42,31954,3206
2026-09-23T03:42:27,120,33936,3261.5,2759.55,6.11,40,31895,3205
2026-09-23T03:42:43,135.7,33936,3263.4,2855.94,6.15,50,31882,3241
2026-09-23T03:42:59,151.4,33936,3264.7,2951.28,6.09,50,31954,3204
2026-09-23T03:43:14,167,33936,3262.7,3045.08,5.99,35,31978,3221
2026-09-23T03:43:30,182.7,33936,3264.3,3140.77,6.1,43,31951,3225
2026-09-23T03:43:46,198.3,33936,3264.9,3236.72,6.12,49,31882,3232
2026-09-23T03:44:01,214,33936,3269.5,3332.58,6.13,44,31899,3238
2026-09-23T03:44:17,229.7,33936,3267.8,3428.14,6.09,36,31852,3220
2026-09-23T03:44:33,245.4,33936,3273.6,3524.19,6.12,50,31850,3223
2026-09-23T03:44:48,261.1,33936,3268.3,3618.02,5.98,41,31850,3212
2026-09-23T03:45:04,276.7,33936,3275,3711.62,5.97,35,31802,3225
2026-09-23T03:45:20,292.5,33936,3251.6,3806.42,6.05,51,32081,3194
2026-09-23T03:45:35,308.2,33936,3263.9,3902.44,6.11,42,31938,3199
2026-09-23T03:45:51,323.8,33936,3274.8,3997.03,6.04,41,31940,3222
2026-09-23T03:46:07,339.5,33936,3262.9,4092.55,6.09,37,31949,3193
2026-09-23T03:46:22,355.2,33936,3274.6,4185.94,5.96,44,31978,3244
2026-09-23T03:46:38,370.8,33936,3262.5,4281.83,6.13,33,32001,3253
2026-09-23T03:46:54,386.4,33936,3275,4376.66,6.08,31,31854,3245
2026-09-23T03:47:09,402,33936,3263.8,4471.97,6.1,34,31891,3237
2026-09-23T03:47:25,417.6,33936,3262.1,4565.7,6.01,44,31828,3241
2026-09-23T03:47:40,433.2,33936,3265.3,4664.22,6.31,48,31828,3230
2026-09-23T03:47:56,448.8,33936,3269.6,4759.05,6.08,47,31765,3243
2026-09-23T03:48:12,464.4,33936,3268.6,4852.16,5.97,35,31773,3244
2026-09-23T03:48:27,480,33936,3273.9,4946.12,6.02,25,31782,3244
2026-09-23T03:48:43,495.6,33936,3277.5,5040.45,6.04,45,31769,3252
2026-09-23T03:48:58,511.2,33936,3261.8,5135.52,6.08,35,31870,3266
2026-09-23T03:49:14,526.8,33936,3268.6,5231.27,6.14,42,31860,3255
2026-09-23T03:49:30,542.4,33936,3243.1,5327.58,6.17,47,31893,3231
2026-09-23T03:49:45,558,33936,3263.6,5422.55,6.09,41,31840,3242
2026-09-23T03:50:01,573.6,33936,3268.8,5515.44,5.95,41,31853,3241
2026-09-23T03:50:16,589.2,33936,3258.4,5607.92,5.93,33,31816,3229
2026-09-23T03:50:32,604.8,33936,3256.5,5702.25,6.04,30,31815,3247
2026-09-23T03:50:48,620.5,33936,3263.7,5798.14,6.13,40,31680,3233
2026-09-23T03:51:03,636.1,33936,3263.9,5892.23,6.03,53,31260,3264
2026-09-23T03:51:19,651.8,33936,3237.1,5988.59,6.16,45,31855,3251
2026-09-23T03:51:35,667.5,33936,3257.8,6086.06,6.22,47,31762,3265
2026-09-23T03:51:50,683.1,33936,3270.5,6181.98,6.11,48,31797,3254
2026-09-23T03:52:06,698.8,33936,3243.8,6278.39,6.17,41,31816,3275
2026-09-23T03:52:22,714.4,33936,3269.5,6372.08,6,37,31834,3258
2026-09-23T03:52:37,730,33936,3270.8,6465.48,5.97,38,31771,3260
2026-09-23T03:52:53,745.6,33936,3261.6,6562.48,6.2,44,31776,3254
2026-09-23T03:53:08,761.2,33936,3270.2,6657.05,6.07,39,31767,3244
2026-09-23T03:53:24,776.8,33936,3257.3,6751.95,6.09,48,31777,3241
2026-09-23T03:53:40,792.4,33936,3268.9,6845.7,6.02,47,31852,3243
2026-09-23T03:53:55,808.1,33936,3268.6,6940.38,6.06,42,31846,3265
2026-09-23T03:54:11,823.7,33936,3231.9,7034.53,6.01,38,31925,3255
2026-09-23T03:54:26,839.3,33936,3264.1,7127.66,5.97,53,31909,3256
2026-09-23T03:54:42,854.9,33936,3271.2,7219.11,5.86,52,31893,3264
2026-09-23T03:54:58,870.5,33936,3260.5,7312.67,6.01,47,31870,3257
2026-09-23T03:55:13,886.1,33936,3262.6,7407.94,6.1,45,31714,3453
2026-09-23T03:55:29,901.7,33936,3263,7504.72,6.21,32,31854,3465
2026-09-23T03:55:44,917.3,33936,3263,7599.5,6.06,32,31872,3438
2026-09-23T03:56:00,932.9,33936,3275.8,7698.38,6.34,36,31885,3425
2026-09-23T03:56:16,948.6,33936,3246.1,7794.03,6.12,48,31846,3449
2026-09-23T03:56:31,964.1,33936,3265,7887.95,6.01,49,31921,3452
2026-09-23T03:56:52,985.1,33936,3263.2,7981.72,6.02,45,32206,3436
2026-09-23T03:57:08,1000.7,33936,3262.1,8109.53,6.09,43,32150,3455
2026-09-23T03:57:23,1016.3,33936,3255.9,8204.3,6.09,40,32111,3429
2026-09-23T03:57:39,1031.9,33936,3274.9,8298.5,6.04,28,32022,3425
2026-09-23T03:57:55,1047.5,33936,3276.6,8393.88,6.1,25,32021,3429
2026-09-23T03:58:10,1063.1,33936,3265.2,8487.3,5.99,36,32039,3427
2026-09-23T03:58:26,1078.7,33936,3271.7,8580.58,5.98,43,32071,3439
2026-09-23T03:58:41,1094.3,33936,3271.7,8672.62,5.91,51,31882,3415
2026-09-23T03:58:57,1109.9,33936,3265.5,8766.56,6.02,52,31789,3484
2026-09-23T03:59:13,1125.6,33936,3276.8,8863.12,6.16,37,31801,3484
2026-09-23T03:59:28,1141.3,33936,3268.6,8959.92,6.17,47,31796,3483
2026-09-23T03:59:44,1157,33936,3268.3,9057.34,6.23,49,31751,3532
2026-09-23T04:00:00,1172.6,33936,3256.9,9152.81,6.08,38,31692,3636
2026-09-23T04:00:15,1188.2,33936,3269.9,9252.86,6.4,36,31698,3584
2026-09-23T04:00:31,1203.9,33936,3262.5,9351.62,6.32,52,31602,3558
2026-09-23T04:00:47,1219.5,33936,3263.8,9450.8,6.35,54,31646,3585
2026-09-23T04:01:02,1235.1,33936,3263.8,9549.95,6.35,53,31854,3679
2026-09-23T04:01:18,1250.8,33936,3275.2,9648.58,6.3,40,31071,3651
2026-09-23T04:01:34,1266.5,33936,3269,9747.2,6.29,49,31246,3598
2026-09-23T04:01:49,1282.1,33936,3274.9,9842.77,6.12,56,31139,3582
2026-09-23T04:02:05,1297.7,33936,3269.3,9941.53,6.33,56,31220,3662
2026-09-23T04:02:20,1313.3,33936,3269.4,10038.19,6.2,48,31082,3609
2026-09-23T04:02:36,1328.9,33936,3276.1,10136.38,6.27,29,31086,3629
2026-09-23T04:02:52,1344.6,33936,3249.6,10236.66,6.4,45,31088,3650
2026-09-23T04:03:07,1360.2,33936,3270.6,10335.78,6.36,44,31196,3671
2026-09-23T04:03:23,1375.9,33936,3249.8,10432.58,6.19,56,31089,3626
2026-09-23T04:03:39,1391.5,33936,3272.1,10528.22,6.1,37,31233,3664
2026-09-23T04:03:54,1407.2,33936,3271.1,10620.97,5.91,49,31271,3650
2026-09-23T04:04:10,1422.9,33936,3263.8,10715.92,6.06,48,31245,3644
2026-09-23T04:04:26,1438.5,33936,3263.4,10812.3,6.15,40,31203,3661
2026-09-23T04:04:41,1454.2,33936,3264.1,10907.73,6.11,40,31214,3694
2026-09-23T04:04:57,1469.8,33936,3239.8,11004.52,6.19,47,34018,3717
2026-09-23T04:05:13,1485.5,33936,3250.8,11098.58,6.02,53,33966,3728
2026-09-23T04:05:28,1501.1,33936,3244.4,11192.38,6,37,34052,3742
2026-09-23T04:05:44,1516.8,33936,3265.1,11286.66,6.01,38,34070,3772
2026-09-23T04:06:00,1532.4,33936,3277.1,11380.02,5.97,53,34007,3771
2026-09-23T04:06:15,1548.1,33936,3239.7,11474.09,6.01,55,34089,3767
2026-09-23T04:06:31,1563.8,33936,3278.3,11567.45,5.96,38,34525,3771
2026-09-23T04:06:47,1579.5,33936,3274.3,11663.28,6.09,44,34531,3767
2026-09-23T04:07:02,1595.1,33936,3278.9,11757.23,6,51,34528,3791
2026-09-23T04:07:18,1610.8,33936,3267.4,11852.28,6.07,45,34553,3791
2026-09-23T04:07:34,1626.4,33936,3279.8,11947.94,6.1,38,34459,3789
2026-09-23T04:07:49,1642.1,33936,3261.6,12041.8,6.01,46,34431,3806
2026-09-23T04:08:05,1657.7,33936,3256.3,12133.61,5.87,52,34421,3816
2026-09-23T04:08:21,1673.4,33936,3255.6,12229.23,6.11,36,34278,3853
2026-09-23T04:08:36,1689.1,33936,3274.5,12325.69,6.13,47,34300,3849
2026-09-23T04:08:52,1704.7,33936,3279.3,12421.5,6.14,46,34244,3896
2026-09-23T04:09:08,1720.4,33936,3254.1,12515.03,5.97,56,34182,3918
2026-09-23T04:09:23,1736.1,33936,3282.2,12609.86,6.05,43,34234,3929
2026-09-23T04:09:39,1751.8,33936,3254.4,12705.3,6.08,47,34235,3938
2026-09-23T04:09:55,1767.4,33936,3274.2,12798.03,5.94,52,34192,3952
2026-09-23T04:10:10,1783.1,33936,3273.9,12889.67,5.85,41,34149,3929
2026-09-23T04:10:26,1798.7,33936,3260.6,12983.89,6,40,34148,3929
2026-09-23T04:10:42,1814.4,33936,3260.3,13080.03,6.15,47,34135,3937
2026-09-23T04:10:57,1830,33936,3272.7,13174.31,6.02,48,34096,4021
2026-09-23T04:11:13,1845.7,33936,3273.2,13268.38,6.01,37,34081,3991
2026-09-23T04:11:29,1861.4,33936,3278.4,13363.17,6.04,39,34129,4007
2026-09-23T04:11:44,1877,33936,3274.9,13457.33,6.01,52,34119,3993
2026-09-23T04:12:00,1892.6,33936,3263.1,13552.44,6.09,58,33974,4021
2026-09-23T04:12:15,1908.3,33936,3250.7,13646.16,5.99,39,33998,4049
2026-09-23T04:12:31,1924,33936,3246.9,13742.67,6.13,40,33937,4059
2026-09-23T04:12:47,1939.6,33936,3278.9,13838.38,6.12,52,33843,4072
2026-09-23T04:13:08,1960.7,33936,3253.5,13933.25,6.07,51,33822,4048
2026-09-23T04:13:24,1976.5,33936,3262.3,14062.27,6.09,35,33736,4036
