timestamp, memory.used [MiB], utilization.gpu [%], temperature.gpu, clocks.current.sm [MHz]
2026/09/09 22:39:34.442, 2556 MiB, 2 %, 38, 690 MHz
2026/09/09 22:39:44.572, 2664 MiB, 9 %, 39, 2032 MHz
2026/09/09 22:39:54.687, 2664 MiB, 11 %, 39, 2107 MHz
2026/09/09 22:40:04.833, 2664 MiB, 11 %, 39, 1830 MHz
2026/09/09 22:40:15.012, 2664 MiB, 42 %, 40, 1710 MHz
2026/09/09 22:40:25.142, 2664 MiB, 19 %, 40, 1957 MHz
2026/09/09 22:40:35.291, 2697 MiB, 19 %, 40, 1732 MHz
2026/09/09 22:40:45.429, 2693 MiB, 18 %, 40, 2250 MHz
2026/09/09 22:40:55.551, 2674 MiB, 23 %, 41, 1897 MHz
2026/09/09 22:41:05.679, 2681 MiB, 19 %, 41, 1657 MHz
2026/09/09 22:41:15.818, 2707 MiB, 20 %, 42, 1867 MHz
2026/09/09 22:41:25.842, 2421 MiB, 11 %, 41, 1402 MHz
2026/09/09 22:41:35.857, 2420 MiB, 25 %, 42, 1327 MHz
2026/09/09 22:41:45.868, 2418 MiB, 7 %, 41, 1417 MHz
2026/09/09 22:41:55.883, 2420 MiB, 3 %, 41, 1237 MHz
2026/09/09 22:42:05.888, 2421 MiB, 1 %, 41, 1372 MHz
2026/09/09 22:42:15.891, 2414 MiB, 3 %, 42, 2535 MHz
2026/09/09 22:42:25.896, 2421 MiB, 4 %, 41, 1537 MHz
2026/09/09 22:42:35.907, 2421 MiB, 6 %, 41, 1185 MHz
2026/09/09 22:42:45.917, 2421 MiB, 24 %, 41, 1410 MHz
2026/09/09 22:42:55.936, 2421 MiB, 24 %, 41, 1410 MHz
2026/09/09 22:43:05.945, 2421 MiB, 10 %, 42, 1657 MHz
2026/09/09 22:43:15.962, 2422 MiB, 24 %, 42, 1260 MHz
2026/09/09 22:43:25.968, 2422 MiB, 9 %, 42, 1507 MHz
2026/09/09 22:43:35.970, 2422 MiB, 6 %, 42, 1537 MHz
2026/09/09 22:43:45.974, 2422 MiB, 1 %, 41, 1245 MHz
2026/09/09 22:43:55.988, 2422 MiB, 1 %, 42, 1972 MHz
2026/09/09 22:44:05.998, 2422 MiB, 0 %, 42, 1485 MHz
2026/09/09 22:44:16.004, 2422 MiB, 0 %, 42, 1177 MHz
2026/09/09 22:44:26.018, 2422 MiB, 0 %, 42, 1770 MHz
2026/09/09 22:44:36.032, 2422 MiB, 3 %, 42, 1462 MHz
2026/09/09 22:44:46.036, 2422 MiB, 0 %, 42, 1477 MHz
2026/09/09 22:44:56.051, 2422 MiB, 0 %, 42, 1807 MHz
2026/09/09 22:45:06.058, 2422 MiB, 0 %, 42, 1515 MHz
2026/09/09 22:45:16.075, 2429 MiB, 0 %, 42, 1530 MHz
2026/09/09 22:45:26.081, 2463 MiB, 0 %, 42, 1980 MHz
2026/09/09 22:45:36.089, 2431 MiB, 5 %, 42, 1710 MHz
2026/09/09 22:45:46.103, 2429 MiB, 4 %, 42, 1627 MHz
2026/09/09 22:45:56.114, 2436 MiB, 9 %, 42, 1807 MHz
2026/09/09 22:46:06.130, 2436 MiB, 10 %, 43, 1642 MHz
2026/09/09 22:46:16.142, 2435 MiB, 10 %, 43, 1432 MHz
2026/09/09 22:46:26.150, 2423 MiB, 19 %, 43, 1410 MHz
2026/09/09 22:46:36.161, 2423 MiB, 17 %, 43, 1620 MHz
2026/09/09 22:46:46.164, 2423 MiB, 36 %, 43, 1267 MHz
2026/09/09 22:46:56.167, 2423 MiB, 14 %, 42, 1245 MHz
2026/09/09 22:47:06.174, 2423 MiB, 18 %, 43, 1125 MHz
2026/09/09 22:47:16.190, 2423 MiB, 39 %, 44, 1132 MHz
2026/09/09 22:47:26.201, 2423 MiB, 12 %, 42, 1365 MHz
2026/09/09 22:47:36.217, 2423 MiB, 9 %, 43, 1162 MHz
2026/09/09 22:47:46.224, 2423 MiB, 22 %, 43, 1357 MHz
2026/09/09 22:47:56.229, 2428 MiB, 6 %, 43, 1552 MHz
2026/09/09 22:48:06.246, 2442 MiB, 2 %, 43, 2640 MHz
2026/09/09 22:48:16.253, 2431 MiB, 1 %, 42, 1567 MHz
2026/09/09 22:48:26.268, 2438 MiB, 1 %, 43, 2152 MHz
2026/09/09 22:48:36.280, 2430 MiB, 14 %, 43, 1545 MHz
2026/09/09 22:48:46.292, 2431 MiB, 7 %, 43, 1560 MHz
2026/09/09 22:48:56.304, 2435 MiB, 24 %, 43, 1537 MHz
2026/09/09 22:49:06.322, 2435 MiB, 9 %, 43, 1845 MHz
2026/09/09 22:49:16.325, 2444 MiB, 19 %, 43, 1417 MHz
2026/09/09 22:49:26.340, 2424 MiB, 22 %, 44, 1477 MHz
2026/09/09 22:49:36.342, 2380 MiB, 43 %, 44, 1275 MHz
2026/09/09 22:49:46.346, 2380 MiB, 44 %, 44, 1560 MHz
2026/09/09 22:49:56.356, 2379 MiB, 19 %, 43, 1440 MHz
2026/09/09 22:50:06.360, 2379 MiB, 34 %, 44, 1222 MHz
2026/09/09 22:50:16.367, 2390 MiB, 22 %, 44, 1357 MHz
2026/09/09 22:50:26.381, 2390 MiB, 8 %, 44, 1312 MHz
2026/09/09 22:50:36.397, 2390 MiB, 8 %, 43, 1380 MHz
2026/09/09 22:50:46.401, 2381 MiB, 0 %, 42, 1537 MHz
2026/09/09 22:50:56.417, 2387 MiB, 0 %, 42, 1282 MHz
2026/09/09 22:51:06.419, 2375 MiB, 2 %, 43, 1582 MHz
2026/09/09 22:51:16.424, 2366 MiB, 1 %, 43, 1867 MHz
2026/09/09 22:51:26.430, 2373 MiB, 1 %, 43, 1627 MHz
2026/09/09 22:51:36.516, 2373 MiB, 0 %, 43, 1657 MHz
2026/09/09 22:51:46.558, 2373 MiB, 0 %, 43, 1732 MHz
2026/09/09 22:51:56.571, 2373 MiB, 0 %, 43, 1552 MHz
2026/09/09 22:52:06.579, 2373 MiB, 4 %, 43, 1567 MHz
2026/09/09 22:52:16.586, 2373 MiB, 9 %, 43, 1770 MHz
2026/09/09 22:52:26.595, 2373 MiB, 9 %, 43, 1372 MHz
2026/09/09 22:52:36.612, 2373 MiB, 9 %, 43, 1650 MHz
2026/09/09 22:52:46.629, 2373 MiB, 9 %, 43, 1702 MHz
2026/09/09 22:52:56.638, 2373 MiB, 9 %, 44, 1785 MHz
2026/09/09 22:53:06.643, 2373 MiB, 7 %, 44, 2137 MHz
2026/09/09 22:53:16.652, 2373 MiB, 2 %, 43, 1485 MHz
2026/09/09 22:53:26.657, 2373 MiB, 0 %, 43, 1830 MHz
2026/09/09 22:53:36.666, 2373 MiB, 8 %, 43, 1312 MHz
2026/09/09 22:53:46.704, 2373 MiB, 0 %, 43, 1432 MHz
2026/09/09 22:53:56.707, 2373 MiB, 15 %, 43, 1425 MHz
2026/09/09 22:54:06.713, 2373 MiB, 8 %, 43, 1035 MHz
2026/09/09 22:54:16.719, 2373 MiB, 11 %, 43, 1170 MHz
2026/09/09 22:54:26.724, 2373 MiB, 30 %, 44, 1087 MHz
2026/09/09 22:54:36.732, 2373 MiB, 38 %, 44, 1425 MHz
2026/09/09 22:54:46.735, 2373 MiB, 18 %, 44, 1230 MHz
2026/09/09 22:54:56.741, 2373 MiB, 42 %, 43, 1117 MHz
2026/09/09 22:55:06.757, 2373 MiB, 20 %, 43, 1702 MHz
2026/09/09 22:55:16.775, 2373 MiB, 19 %, 44, 1252 MHz
2026/09/09 22:55:26.778, 2373 MiB, 35 %, 44, 1110 MHz
2026/09/09 22:55:36.789, 2373 MiB, 13 %, 44, 1050 MHz
2026/09/09 22:55:46.798, 2373 MiB, 9 %, 43, 952 MHz
2026/09/09 22:55:56.802, 2373 MiB, 9 %, 44, 1192 MHz
2026/09/09 22:56:06.811, 2373 MiB, 11 %, 43, 1080 MHz
2026/09/09 22:56:16.821, 2373 MiB, 21 %, 44, 1552 MHz
2026/09/09 22:56:26.835, 2373 MiB, 18 %, 44, 1402 MHz
2026/09/09 22:56:36.839, 2373 MiB, 29 %, 44, 1372 MHz
2026/09/09 22:56:46.842, 2373 MiB, 12 %, 44, 1357 MHz
2026/09/09 22:56:56.847, 2373 MiB, 9 %, 43, 1807 MHz
2026/09/09 22:57:06.860, 2373 MiB, 12 %, 43, 1710 MHz
2026/09/09 22:57:16.869, 2373 MiB, 2 %, 43, 1342 MHz
2026/09/09 22:57:26.875, 2373 MiB, 0 %, 42, 1590 MHz
2026/09/09 22:57:36.890, 2373 MiB, 0 %, 42, 1560 MHz
2026/09/09 22:57:46.896, 2373 MiB, 0 %, 43, 1785 MHz
2026/09/09 22:57:56.907, 2373 MiB, 0 %, 43, 1425 MHz
2026/09/09 22:58:06.915, 2373 MiB, 0 %, 43, 1717 MHz
2026/09/09 22:58:16.930, 2373 MiB, 0 %, 43, 1672 MHz
2026/09/09 22:58:26.940, 2373 MiB, 1 %, 43, 1447 MHz
2026/09/09 22:58:36.953, 2373 MiB, 14 %, 43, 1440 MHz
2026/09/09 22:58:46.964, 2373 MiB, 9 %, 43, 1770 MHz
2026/09/09 22:58:56.977, 2373 MiB, 9 %, 43, 1755 MHz
2026/09/09 22:59:06.984, 2373 MiB, 9 %, 43, 1035 MHz
2026/09/09 22:59:16.993, 2373 MiB, 22 %, 43, 1432 MHz
2026/09/09 22:59:27.009, 2373 MiB, 18 %, 43, 1582 MHz
2026/09/09 22:59:37.025, 2373 MiB, 6 %, 44, 1710 MHz
2026/09/09 22:59:47.028, 2373 MiB, 0 %, 43, 1402 MHz
2026/09/09 22:59:57.045, 2373 MiB, 0 %, 43, 1425 MHz
2026/09/09 23:00:07.052, 2373 MiB, 3 %, 43, 1890 MHz
2026/09/09 23:00:17.069, 2373 MiB, 4 %, 43, 1725 MHz
2026/09/09 23:00:27.078, 2373 MiB, 5 %, 43, 1620 MHz
2026/09/09 23:00:37.094, 2373 MiB, 7 %, 43, 1822 MHz
2026/09/09 23:00:47.108, 2373 MiB, 12 %, 43, 1365 MHz
2026/09/09 23:00:57.115, 2373 MiB, 13 %, 43, 1417 MHz
2026/09/09 23:01:07.129, 2373 MiB, 22 %, 44, 2092 MHz
2026/09/09 23:01:17.142, 2373 MiB, 44 %, 44, 1882 MHz
2026/09/09 23:01:27.157, 2373 MiB, 18 %, 44, 1695 MHz
2026/09/09 23:01:37.171, 2373 MiB, 17 %, 44, 1650 MHz
2026/09/09 23:01:47.174, 2373 MiB, 18 %, 44, 1500 MHz
2026/09/09 23:01:57.187, 2373 MiB, 15 %, 44, 1245 MHz
2026/09/09 23:02:07.197, 2373 MiB, 12 %, 44, 1635 MHz
2026/09/09 23:02:17.200, 2373 MiB, 9 %, 43, 1545 MHz
2026/09/09 23:02:27.208, 2373 MiB, 12 %, 44, 1327 MHz
2026/09/09 23:02:37.212, 2373 MiB, 7 %, 44, 1860 MHz
2026/09/09 23:02:47.219, 2373 MiB, 1 %, 43, 1387 MHz
2026/09/09 23:02:57.235, 2373 MiB, 0 %, 43, 1192 MHz
2026/09/09 23:03:07.240, 2373 MiB, 0 %, 43, 982 MHz
2026/09/09 23:03:17.243, 2373 MiB, 0 %, 43, 1365 MHz
2026/09/09 23:03:27.253, 2373 MiB, 0 %, 43, 1215 MHz
2026/09/09 23:03:37.260, 2373 MiB, 0 %, 43, 1297 MHz
2026/09/09 23:03:47.268, 2373 MiB, 0 %, 43, 1470 MHz
2026/09/09 23:03:57.280, 2374 MiB, 0 %, 43, 1882 MHz
2026/09/09 23:04:07.291, 2374 MiB, 3 %, 43, 1530 MHz
2026/09/09 23:04:17.301, 2374 MiB, 10 %, 43, 2182 MHz
2026/09/09 23:04:27.305, 2374 MiB, 12 %, 43, 1500 MHz
2026/09/09 23:04:37.317, 2374 MiB, 12 %, 43, 1920 MHz
2026/09/09 23:04:47.321, 2374 MiB, 27 %, 44, 1837 MHz
2026/09/09 23:04:57.339, 2374 MiB, 11 %, 44, 1920 MHz
2026/09/09 23:05:07.353, 2380 MiB, 9 %, 44, 1680 MHz
2026/09/09 23:05:17.359, 2380 MiB, 6 %, 43, 1447 MHz
2026/09/09 23:05:27.450, 2381 MiB, 1 %, 43, 1365 MHz
2026/09/09 23:05:37.462, 2379 MiB, 0 %, 43, 1755 MHz
2026/09/09 23:05:47.476, 2371 MiB, 18 %, 43, 1815 MHz
2026/09/09 23:05:57.510, 2371 MiB, 11 %, 43, 2130 MHz
2026/09/09 23:06:07.524, 2371 MiB, 9 %, 43, 1770 MHz
2026/09/09 23:06:17.531, 2374 MiB, 12 %, 43, 1845 MHz
2026/09/09 23:06:27.535, 2374 MiB, 37 %, 43, 1762 MHz
2026/09/09 23:06:37.551, 2378 MiB, 44 %, 44, 1777 MHz
2026/09/09 23:06:47.561, 2378 MiB, 16 %, 44, 1582 MHz
2026/09/09 23:06:57.574, 2378 MiB, 32 %, 44, 1702 MHz
2026/09/09 23:07:07.586, 2378 MiB, 15 %, 44, 1732 MHz
2026/09/09 23:07:17.591, 2378 MiB, 18 %, 44, 1207 MHz
2026/09/09 23:07:27.602, 2378 MiB, 35 %, 44, 1320 MHz
2026/09/09 23:07:37.618, 2378 MiB, 11 %, 43, 1717 MHz
2026/09/09 23:07:47.645, 2378 MiB, 9 %, 43, 1575 MHz
2026/09/09 23:07:57.691, 2378 MiB, 9 %, 44, 1110 MHz
2026/09/09 23:08:07.701, 2378 MiB, 0 %, 42, 757 MHz
2026/09/09 23:08:42.442, 2378 MiB, 13 %, 43, 1792 MHz
2026/09/09 23:08:52.459, 2378 MiB, 6 %, 43, 1395 MHz
2026/09/09 23:09:02.471, 2378 MiB, 8 %, 43, 1402 MHz
2026/09/09 23:09:12.482, 2378 MiB, 39 %, 44, 1822 MHz
2026/09/09 23:09:22.491, 2378 MiB, 43 %, 44, 1837 MHz
2026/09/09 23:09:32.506, 2378 MiB, 3 %, 43, 1987 MHz
2026/09/09 23:09:42.531, 2378 MiB, 6 %, 43, 1942 MHz
2026/09/09 23:09:52.537, 2378 MiB, 15 %, 43, 2047 MHz
2026/09/09 23:10:02.548, 2378 MiB, 9 %, 43, 1710 MHz
2026/09/09 23:10:12.557, 2378 MiB, 9 %, 43, 1957 MHz
2026/09/09 23:10:22.569, 2378 MiB, 15 %, 43, 1897 MHz
2026/09/09 23:10:32.593, 2378 MiB, 16 %, 43, 1515 MHz
2026/09/09 23:10:42.598, 2378 MiB, 20 %, 44, 1852 MHz
2026/09/09 23:10:52.603, 2378 MiB, 45 %, 44, 1425 MHz
2026/09/09 23:11:02.620, 2378 MiB, 20 %, 44, 1575 MHz
2026/09/09 23:11:12.624, 2378 MiB, 18 %, 44, 1200 MHz
2026/09/09 23:11:22.637, 2378 MiB, 29 %, 44, 1042 MHz
2026/09/09 23:11:32.642, 2378 MiB, 10 %, 44, 1492 MHz
2026/09/09 23:11:42.658, 2378 MiB, 9 %, 44, 1320 MHz
2026/09/09 23:11:52.660, 2378 MiB, 6 %, 44, 1222 MHz
2026/09/09 23:12:02.664, 2378 MiB, 4 %, 43, 1110 MHz
2026/09/09 23:12:12.667, 2378 MiB, 7 %, 43, 862 MHz
2026/09/09 23:12:22.678, 2378 MiB, 9 %, 43, 1012 MHz
2026/09/09 23:12:32.687, 2378 MiB, 9 %, 43, 907 MHz
2026/09/09 23:12:42.699, 2378 MiB, 9 %, 43, 1605 MHz
2026/09/09 23:12:52.703, 2378 MiB, 9 %, 44, 1177 MHz
2026/09/09 23:13:02.718, 2378 MiB, 8 %, 44, 1222 MHz
2026/09/09 23:13:12.725, 2378 MiB, 4 %, 43, 1087 MHz
2026/09/09 23:13:22.732, 2378 MiB, 0 %, 43, 1740 MHz
2026/09/09 23:13:32.740, 2378 MiB, 0 %, 43, 1905 MHz
2026/09/09 23:13:42.743, 2378 MiB, 0 %, 43, 1897 MHz
2026/09/09 23:13:52.757, 2378 MiB, 0 %, 43, 1860 MHz
2026/09/09 23:14:02.770, 2378 MiB, 1 %, 43, 2197 MHz
2026/09/09 23:14:12.786, 2378 MiB, 0 %, 43, 1410 MHz
2026/09/09 23:14:22.796, 2378 MiB, 0 %, 43, 1447 MHz
2026/09/09 23:14:32.806, 2378 MiB, 0 %, 43, 1612 MHz
2026/09/09 23:14:42.812, 2378 MiB, 0 %, 43, 1792 MHz
2026/09/09 23:14:52.828, 2378 MiB, 0 %, 43, 1777 MHz
2026/09/09 23:15:02.832, 2378 MiB, 4 %, 43, 1822 MHz
2026/09/09 23:15:12.840, 2378 MiB, 6 %, 43, 1732 MHz
2026/09/09 23:15:22.853, 2378 MiB, 9 %, 43, 1507 MHz
2026/09/09 23:15:32.865, 2378 MiB, 11 %, 43, 1522 MHz
2026/09/09 23:15:42.871, 2378 MiB, 32 %, 44, 1432 MHz
2026/09/09 23:15:52.882, 2378 MiB, 43 %, 44, 1590 MHz
2026/09/09 23:16:02.891, 2378 MiB, 20 %, 44, 1335 MHz
2026/09/09 23:16:12.898, 2378 MiB, 17 %, 43, 1695 MHz
2026/09/09 23:16:22.910, 2378 MiB, 21 %, 44, 1132 MHz
2026/09/09 23:16:32.919, 2378 MiB, 16 %, 44, 960 MHz
2026/09/09 23:16:42.934, 2378 MiB, 15 %, 44, 1297 MHz
2026/09/09 23:16:52.937, 2378 MiB, 13 %, 43, 1605 MHz
2026/09/09 23:17:02.953, 2378 MiB, 6 %, 44, 1522 MHz
2026/09/09 23:17:12.966, 2378 MiB, 15 %, 44, 1500 MHz
2026/09/09 23:17:22.977, 2378 MiB, 3 %, 43, 1395 MHz
2026/09/09 23:17:32.987, 2378 MiB, 6 %, 43, 967 MHz
2026/09/09 23:17:43.003, 2378 MiB, 9 %, 43, 765 MHz
2026/09/09 23:17:53.013, 2378 MiB, 22 %, 43, 900 MHz
2026/09/09 23:18:03.019, 2378 MiB, 9 %, 44, 1567 MHz
2026/09/09 23:18:13.025, 2378 MiB, 9 %, 43, 1342 MHz
2026/09/09 23:18:23.032, 2378 MiB, 9 %, 44, 1260 MHz
2026/09/09 23:18:33.036, 2378 MiB, 8 %, 44, 1635 MHz
2026/09/09 23:18:43.049, 2378 MiB, 2 %, 43, 1785 MHz
2026/09/09 23:18:53.060, 2378 MiB, 0 %, 43, 1177 MHz
2026/09/09 23:19:03.075, 2378 MiB, 0 %, 43, 1372 MHz
2026/09/09 23:19:13.080, 2378 MiB, 0 %, 43, 1627 MHz
2026/09/09 23:19:23.082, 2378 MiB, 0 %, 43, 1507 MHz
2026/09/09 23:19:33.088, 2378 MiB, 0 %, 43, 1552 MHz
2026/09/09 23:19:43.098, 2378 MiB, 0 %, 43, 1792 MHz
2026/09/09 23:19:53.114, 2378 MiB, 0 %, 43, 1927 MHz
2026/09/09 23:20:03.120, 2378 MiB, 0 %, 43, 1410 MHz
2026/09/09 23:20:13.124, 2378 MiB, 0 %, 43, 1837 MHz
2026/09/09 23:20:23.131, 2378 MiB, 2 %, 43, 1785 MHz
2026/09/09 23:20:33.149, 2378 MiB, 7 %, 43, 1792 MHz
2026/09/09 23:20:43.151, 2378 MiB, 10 %, 43, 1695 MHz
2026/09/09 23:20:53.162, 2378 MiB, 36 %, 43, 1477 MHz
2026/09/09 23:21:03.172, 2378 MiB, 14 %, 43, 1732 MHz
2026/09/09 23:21:13.183, 2378 MiB, 34 %, 44, 1222 MHz
2026/09/09 23:21:23.196, 2378 MiB, 17 %, 44, 1545 MHz
2026/09/09 23:21:33.207, 2378 MiB, 21 %, 44, 1140 MHz
2026/09/09 23:21:43.217, 2378 MiB, 22 %, 44, 1642 MHz
2026/09/09 23:21:53.224, 2378 MiB, 15 %, 44, 1792 MHz
2026/09/09 23:22:03.242, 2378 MiB, 13 %, 44, 1297 MHz
2026/09/09 23:22:13.253, 2378 MiB, 10 %, 44, 1245 MHz
2026/09/09 23:22:23.264, 2378 MiB, 8 %, 44, 1440 MHz
2026/09/09 23:22:33.274, 2378 MiB, 9 %, 44, 1350 MHz
2026/09/09 23:22:43.282, 2378 MiB, 2 %, 43, 1492 MHz
2026/09/09 23:22:53.296, 2378 MiB, 5 %, 43, 982 MHz
2026/09/09 23:23:03.309, 2378 MiB, 4 %, 43, 952 MHz
2026/09/09 23:23:13.314, 2378 MiB, 9 %, 43, 1140 MHz
2026/09/09 23:23:23.326, 2378 MiB, 21 %, 43, 997 MHz
2026/09/09 23:23:33.338, 2378 MiB, 9 %, 43, 1552 MHz
2026/09/09 23:23:43.353, 2378 MiB, 23 %, 43, 967 MHz
2026/09/09 23:23:53.359, 2378 MiB, 0 %, 43, 1132 MHz
2026/09/09 23:24:03.364, 2378 MiB, 12 %, 43, 1627 MHz
2026/09/09 23:24:13.377, 2378 MiB, 6 %, 43, 1447 MHz
2026/09/09 23:24:23.381, 2378 MiB, 9 %, 43, 1672 MHz
2026/09/09 23:24:33.389, 2378 MiB, 9 %, 43, 1747 MHz
2026/09/09 23:24:43.392, 2378 MiB, 9 %, 43, 1792 MHz
2026/09/09 23:24:53.400, 2378 MiB, 21 %, 44, 1672 MHz
2026/09/09 23:25:03.417, 2378 MiB, 8 %, 44, 1620 MHz
2026/09/09 23:25:13.420, 2378 MiB, 4 %, 44, 1680 MHz
2026/09/09 23:25:23.424, 2378 MiB, 0 %, 43, 1230 MHz
2026/09/09 23:25:33.433, 2378 MiB, 0 %, 43, 1485 MHz
2026/09/09 23:25:43.447, 2378 MiB, 0 %, 43, 1942 MHz
2026/09/09 23:25:53.464, 2378 MiB, 0 %, 43, 1942 MHz
2026/09/09 23:26:03.468, 2378 MiB, 0 %, 43, 1327 MHz
2026/09/09 23:26:13.472, 2378 MiB, 0 %, 43, 1867 MHz
2026/09/09 23:26:23.480, 2378 MiB, 0 %, 43, 1590 MHz
2026/09/09 23:26:33.488, 2378 MiB, 0 %, 43, 1372 MHz
2026/09/09 23:26:43.495, 2378 MiB, 10 %, 43, 1230 MHz
2026/09/09 23:26:53.505, 2378 MiB, 20 %, 43, 1500 MHz
2026/09/09 23:27:03.516, 2378 MiB, 3 %, 43, 1417 MHz
2026/09/09 23:27:13.533, 2378 MiB, 33 %, 43, 967 MHz
2026/09/09 23:27:23.548, 2378 MiB, 13 %, 43, 1020 MHz
2026/09/09 23:27:33.550, 2378 MiB, 15 %, 43, 1125 MHz
2026/09/09 23:27:43.561, 2378 MiB, 18 %, 43, 1102 MHz
2026/09/09 23:27:53.575, 2378 MiB, 22 %, 44, 1387 MHz
2026/09/09 23:28:03.580, 2378 MiB, 18 %, 44, 1537 MHz
2026/09/09 23:28:13.595, 2378 MiB, 19 %, 44, 1380 MHz
2026/09/09 23:28:23.610, 2378 MiB, 17 %, 43, 1710 MHz
2026/09/09 23:28:33.626, 2378 MiB, 15 %, 44, 1822 MHz
2026/09/09 23:28:43.639, 2378 MiB, 9 %, 44, 1260 MHz
2026/09/09 23:28:53.641, 2378 MiB, 9 %, 44, 1507 MHz
2026/09/09 23:29:03.649, 2378 MiB, 9 %, 43, 1507 MHz
2026/09/09 23:29:13.666, 2378 MiB, 2 %, 43, 1312 MHz
2026/09/09 23:29:23.677, 2378 MiB, 0 %, 43, 1417 MHz
2026/09/09 23:29:33.689, 2378 MiB, 5 %, 43, 1687 MHz
2026/09/09 23:29:43.699, 2378 MiB, 7 %, 43, 1912 MHz
2026/09/09 23:29:53.716, 2378 MiB, 20 %, 43, 1260 MHz
2026/09/09 23:30:03.731, 2378 MiB, 9 %, 43, 1680 MHz
2026/09/09 23:30:13.735, 2378 MiB, 9 %, 43, 1830 MHz
2026/09/09 23:30:23.752, 2378 MiB, 9 %, 43, 1762 MHz
2026/09/09 23:30:33.768, 2378 MiB, 8 %, 43, 1537 MHz
2026/09/09 23:30:43.775, 2378 MiB, 3 %, 44, 1830 MHz
2026/09/09 23:30:53.789, 2378 MiB, 0 %, 43, 1717 MHz
2026/09/09 23:31:03.791, 2378 MiB, 0 %, 43, 1612 MHz
2026/09/09 23:31:13.801, 2378 MiB, 0 %, 43, 1702 MHz
2026/09/09 23:31:23.812, 2378 MiB, 0 %, 43, 1672 MHz
2026/09/09 23:31:33.818, 2378 MiB, 1 %, 43, 1627 MHz
2026/09/09 23:31:43.829, 2378 MiB, 0 %, 43, 1417 MHz
2026/09/09 23:31:53.834, 2378 MiB, 0 %, 43, 1237 MHz
2026/09/09 23:32:03.850, 2378 MiB, 0 %, 43, 1477 MHz
2026/09/09 23:32:13.855, 2378 MiB, 12 %, 43, 1500 MHz
2026/09/09 23:32:23.858, 2378 MiB, 3 %, 43, 1282 MHz
2026/09/09 23:32:33.867, 2378 MiB, 9 %, 43, 1170 MHz
2026/09/09 23:32:43.879, 2378 MiB, 38 %, 43, 1657 MHz
2026/09/09 23:32:53.884, 2378 MiB, 17 %, 43, 1252 MHz
2026/09/09 23:33:03.898, 2378 MiB, 19 %, 43, 1267 MHz
2026/09/09 23:33:13.912, 2378 MiB, 21 %, 43, 1042 MHz
2026/09/09 23:33:23.920, 2378 MiB, 39 %, 44, 1410 MHz
2026/09/09 23:33:33.932, 2378 MiB, 22 %, 44, 1222 MHz
2026/09/09 23:33:43.944, 2378 MiB, 15 %, 44, 1192 MHz
2026/09/09 23:33:53.956, 2378 MiB, 12 %, 43, 982 MHz
2026/09/09 23:34:03.965, 2378 MiB, 12 %, 44, 1282 MHz
2026/09/09 23:34:13.973, 2378 MiB, 9 %, 44, 1147 MHz
2026/09/09 23:34:23.984, 2378 MiB, 6 %, 44, 1402 MHz
2026/09/09 23:34:33.991, 2378 MiB, 1 %, 43, 1005 MHz
2026/09/09 23:34:43.994, 2378 MiB, 0 %, 43, 967 MHz
2026/09/09 23:34:54.003, 2378 MiB, 2 %, 43, 2152 MHz
2026/09/09 23:35:04.005, 2378 MiB, 6 %, 43, 1635 MHz
2026/09/09 23:35:14.010, 2378 MiB, 9 %, 43, 1200 MHz
2026/09/09 23:35:24.014, 2378 MiB, 21 %, 43, 1087 MHz
2026/09/09 23:35:34.032, 2378 MiB, 9 %, 43, 1357 MHz
2026/09/09 23:35:44.045, 2378 MiB, 9 %, 44, 1335 MHz
2026/09/09 23:35:54.050, 2378 MiB, 9 %, 44, 997 MHz
2026/09/09 23:36:04.068, 2378 MiB, 6 %, 43, 1380 MHz
2026/09/09 23:36:14.084, 2378 MiB, 4 %, 43, 1065 MHz
2026/09/09 23:36:24.097, 2378 MiB, 0 %, 43, 1177 MHz
2026/09/09 23:36:34.102, 2378 MiB, 0 %, 43, 1500 MHz
2026/09/09 23:36:44.112, 2378 MiB, 0 %, 43, 1365 MHz
2026/09/09 23:36:54.126, 2378 MiB, 0 %, 44, 1140 MHz
2026/09/09 23:37:04.135, 2378 MiB, 8 %, 43, 960 MHz
2026/09/09 23:37:14.142, 2378 MiB, 6 %, 43, 1912 MHz
2026/09/09 23:37:24.148, 2378 MiB, 0 %, 43, 1657 MHz
2026/09/09 23:37:34.163, 2378 MiB, 0 %, 43, 1320 MHz
2026/09/09 23:37:44.180, 2378 MiB, 22 %, 43, 1515 MHz
2026/09/09 23:37:54.189, 2378 MiB, 0 %, 43, 1515 MHz
2026/09/09 23:38:04.203, 2378 MiB, 0 %, 43, 1327 MHz
2026/09/09 23:38:14.206, 2378 MiB, 0 %, 43, 1567 MHz
2026/09/09 23:38:24.213, 2378 MiB, 0 %, 43, 1920 MHz
2026/09/09 23:38:34.228, 2378 MiB, 0 %, 43, 1515 MHz
2026/09/09 23:38:44.245, 2378 MiB, 6 %, 43, 1530 MHz
2026/09/09 23:38:54.248, 2378 MiB, 28 %, 43, 1882 MHz
2026/09/09 23:39:04.255, 2378 MiB, 9 %, 43, 1335 MHz
2026/09/09 23:39:14.264, 2378 MiB, 36 %, 44, 1462 MHz
2026/09/09 23:39:24.282, 2378 MiB, 44 %, 44, 1650 MHz
2026/09/09 23:39:34.298, 2378 MiB, 20 %, 45, 1635 MHz
2026/09/09 23:39:44.301, 2378 MiB, 20 %, 44, 1605 MHz
2026/09/09 23:39:54.315, 2378 MiB, 16 %, 43, 1732 MHz
2026/09/09 23:40:04.322, 2378 MiB, 18 %, 44, 1740 MHz
2026/09/09 23:40:14.327, 2378 MiB, 11 %, 44, 1492 MHz
2026/09/09 23:40:24.334, 2378 MiB, 10 %, 43, 1755 MHz
2026/09/09 23:40:34.338, 2378 MiB, 9 %, 44, 1447 MHz
2026/09/09 23:40:44.348, 2378 MiB, 6 %, 43, 1342 MHz
2026/09/09 23:40:54.357, 2378 MiB, 5 %, 43, 1305 MHz
2026/09/09 23:41:04.374, 2378 MiB, 0 %, 43, 1357 MHz
2026/09/09 23:41:14.392, 2378 MiB, 0 %, 43, 1320 MHz
2026/09/09 23:41:24.405, 2378 MiB, 0 %, 43, 1207 MHz
2026/09/09 23:41:34.408, 2378 MiB, 3 %, 43, 1282 MHz
2026/09/09 23:41:44.412, 2378 MiB, 9 %, 43, 1447 MHz
2026/09/09 23:41:54.428, 2378 MiB, 9 %, 43, 1230 MHz
2026/09/09 23:42:04.441, 2378 MiB, 11 %, 43, 1320 MHz
2026/09/09 23:42:14.448, 2378 MiB, 9 %, 43, 1612 MHz
2026/09/09 23:42:24.460, 2378 MiB, 21 %, 44, 1057 MHz
2026/09/09 23:42:34.463, 2378 MiB, 11 %, 44, 1530 MHz
2026/09/09 23:42:44.469, 2378 MiB, 1 %, 43, 1657 MHz
2026/09/09 23:42:54.473, 2378 MiB, 0 %, 43, 1620 MHz
