ts,pid,cpu_s,ws_mb
2026-09-09T22:39:34,36172,19.4,2684
2026-09-09T22:39:44,36172,73,3153
2026-09-09T22:39:54,36172,138.4,3167
2026-09-09T22:40:04,36172,201.3,3161
2026-09-09T22:40:14,36172,263.7,3156
2026-09-09T22:40:24,36172,325.8,3168
2026-09-09T22:40:34,36172,388.7,3154
2026-09-09T22:40:44,36172,452.7,3144
2026-09-09T22:40:54,36172,518.2,3155
2026-09-09T22:41:04,36172,581,3155
2026-09-09T22:41:14,36172,643.8,3155
2026-09-09T22:41:24,36172,705,3163
2026-09-09T22:41:34,36172,763.5,3149
2026-09-09T22:41:44,36172,822.8,3150
2026-09-09T22:41:54,36172,883.7,3167
2026-09-09T22:42:04,36172,943.5,3168
2026-09-09T22:42:14,36172,1003.9,3143
2026-09-09T22:42:24,36172,1065.1,3157
2026-09-09T22:42:34,36172,1125.8,3154
2026-09-09T22:42:44,36172,1185.3,3160
2026-09-09T22:42:54,36172,1246.6,3161
2026-09-09T22:43:04,36172,1306.5,3154
2026-09-09T22:43:14,36172,1367.2,3162
2026-09-09T22:43:24,36172,1428,3162
2026-09-09T22:43:34,36172,1487.9,3143
2026-09-09T22:43:44,36172,1548.1,3152
2026-09-09T22:43:54,36172,1609.9,3151
2026-09-09T22:44:04,36172,1670.7,3166
2026-09-09T22:44:15,36172,1731.4,3163
2026-09-09T22:44:25,36172,1791.1,3173
2026-09-09T22:44:35,36172,1852,3167
2026-09-09T22:44:45,36172,1913.2,3167
2026-09-09T22:44:55,36172,1972.2,3126
2026-09-09T22:45:05,36172,2032.3,3033
2026-09-09T22:45:15,36172,2093.6,2944
2026-09-09T22:45:25,36172,2156.6,2844
2026-09-09T22:45:35,36172,2219.3,2781
2026-09-09T22:45:45,36172,2279.9,2697
2026-09-09T22:45:55,36172,2340.5,2612
2026-09-09T22:46:05,36172,2402.2,2535
2026-09-09T22:46:15,36172,2464.5,2453
2026-09-09T22:46:25,36172,2526.2,2379
2026-09-09T22:46:35,36172,2588.5,2317
2026-09-09T22:46:45,36172,2652.2,2251
2026-09-09T22:46:55,36172,2715.7,2178
2026-09-09T22:47:05,36172,2780.9,2138
2026-09-09T22:47:15,36172,2844.3,2084
2026-09-09T22:47:25,36172,2908.6,2030
2026-09-09T22:47:35,36172,2972.5,1968
2026-09-09T22:47:45,36172,3035.8,1924
2026-09-09T22:47:55,36172,3097.7,1884
2026-09-09T22:48:05,36172,3160.7,1835
2026-09-09T22:48:15,36172,3224.1,1811
2026-09-09T22:48:25,36172,3287.6,1800
2026-09-09T22:48:35,36172,3351.4,1784
2026-09-09T22:48:45,36172,3414.5,1759
2026-09-09T22:48:55,36172,3478.2,1690
2026-09-09T22:49:05,36172,3541.8,1652
2026-09-09T22:49:15,36172,3606,1714
2026-09-09T22:49:25,36172,3668.5,1652
2026-09-09T22:49:35,36172,3730.4,1609
2026-09-09T22:49:45,36172,3793.6,1564
2026-09-09T22:49:55,36172,3855.8,1503
2026-09-09T22:50:05,36172,3919.8,1464
2026-09-09T22:50:15,36172,3983,1423
2026-09-09T22:50:25,36172,4045.6,1390
2026-09-09T22:50:35,36172,4107.5,1349
2026-09-09T22:50:45,36172,4169.9,1311
2026-09-09T22:50:55,36172,4232.1,1255
2026-09-09T22:51:05,36172,4295.1,1243
2026-09-09T22:51:15,36172,4360,1181
2026-09-09T22:51:25,36172,4423.3,1169
2026-09-09T22:51:35,36172,4484.8,1139
2026-09-09T22:51:45,36172,4547.6,1096
2026-09-09T22:51:55,36172,4609.6,1063
2026-09-09T22:52:05,36172,4671.2,1038
2026-09-09T22:52:15,36172,4736.8,1024
2026-09-09T22:52:25,36172,4800.8,993
2026-09-09T22:52:35,36172,4862.2,986
2026-09-09T22:52:45,36172,4924.7,977
2026-09-09T22:52:55,36172,4987.5,963
2026-09-09T22:53:05,36172,5048.9,958
2026-09-09T22:53:15,36172,5110.2,967
2026-09-09T22:53:25,36172,5171.7,973
2026-09-09T22:53:35,36172,5232.8,947
2026-09-09T22:53:45,36172,5295.4,923
2026-09-09T22:53:55,36172,5357.9,887
2026-09-09T22:54:05,36172,5420.6,875
2026-09-09T22:54:15,36172,5483.4,856
2026-09-09T22:54:25,36172,5546.1,826
2026-09-09T22:54:35,36172,5607.2,786
2026-09-09T22:54:45,36172,5667.7,777
2026-09-09T22:54:55,36172,5728.7,761
2026-09-09T22:55:05,36172,5790,726
2026-09-09T22:55:15,36172,5851.8,711
2026-09-09T22:55:25,36172,5914.7,699
2026-09-09T22:55:36,36172,5977.3,668
2026-09-09T22:55:46,36172,6038.6,648
2026-09-09T22:55:56,36172,6102,628
2026-09-09T22:56:06,36172,6165.2,617
2026-09-09T22:56:16,36172,6227.9,587
2026-09-09T22:56:26,36172,6290.5,580
2026-09-09T22:56:36,36172,6352.8,575
2026-09-09T22:56:46,36172,6416.1,566
2026-09-09T22:56:56,36172,6476.9,572
2026-09-09T22:57:06,36172,6538.5,572
2026-09-09T22:57:16,36172,6599.8,577
2026-09-09T22:57:26,36172,6661.6,569
2026-09-09T22:57:36,36172,6724.5,581
2026-09-09T22:57:46,36172,6787.6,553
2026-09-09T22:57:56,36172,6850.8,569
2026-09-09T22:58:06,36172,6913.2,581
2026-09-09T22:58:16,36172,6975.2,575
2026-09-09T22:58:26,36172,7037,569
2026-09-09T22:58:36,36172,7099.7,570
2026-09-09T22:58:46,36172,7161.7,564
2026-09-09T22:58:56,36172,7223.1,537
2026-09-09T22:59:06,36172,7283.3,569
2026-09-09T22:59:16,36172,7343.9,577
2026-09-09T22:59:26,36172,7404.9,558
2026-09-09T22:59:36,36172,7467,567
2026-09-09T22:59:46,36172,7528.6,565
2026-09-09T22:59:56,36172,7591.6,570
2026-09-09T23:00:06,36172,7656.7,582
2026-09-09T23:00:16,36172,7718.2,564
2026-09-09T23:00:26,36172,7781.7,553
2026-09-09T23:00:36,36172,7846.2,546
2026-09-09T23:00:46,36172,7909.5,524
2026-09-09T23:00:56,36172,7972,532
2026-09-09T23:01:06,36172,8033.9,513
2026-09-09T23:01:16,36172,8095.8,475
2026-09-09T23:01:26,36172,8157.2,454
2026-09-09T23:01:36,36172,8218.4,428
2026-09-09T23:01:46,36172,8280.7,392
2026-09-09T23:01:56,36172,8343.4,410
2026-09-09T23:02:06,36172,8405.8,416
2026-09-09T23:02:16,36172,8469,414
2026-09-09T23:02:26,36172,8529.9,397
2026-09-09T23:02:36,36172,8593.1,381
2026-09-09T23:02:46,36172,8655.3,397
2026-09-09T23:02:56,36172,8716.4,397
2026-09-09T23:03:06,36172,8776.9,386
2026-09-09T23:03:16,36172,8836.8,346
2026-09-09T23:03:26,36172,8897.5,348
2026-09-09T23:03:36,36172,8959.2,319
2026-09-09T23:03:46,36172,9023.1,307
2026-09-09T23:03:56,36172,9087,318
2026-09-09T23:04:06,36172,9148.3,310
2026-09-09T23:04:16,36172,9212.7,316
2026-09-09T23:04:26,36172,9276.3,317
2026-09-09T23:04:36,36172,9339.4,285
2026-09-09T23:04:46,36172,9403.6,312
2026-09-09T23:04:56,36172,9466,312
2026-09-09T23:05:06,36172,9528.2,292
2026-09-09T23:05:16,36172,9590.5,306
2026-09-09T23:05:26,36172,9653.1,298
2026-09-09T23:05:36,36172,9715.1,291
2026-09-09T23:05:46,36172,9777,303
2026-09-09T23:05:56,36172,9839.3,284
2026-09-09T23:06:06,36172,9900.9,298
2026-09-09T23:06:16,36172,9963.2,304
2026-09-09T23:06:26,36172,10023.6,311
2026-09-09T23:06:36,36172,10085.6,306
2026-09-09T23:06:46,36172,10148.6,314
2026-09-09T23:06:56,36172,10210.9,300
2026-09-09T23:07:06,36172,10272.9,299
2026-09-09T23:07:16,36172,10334.1,311
2026-09-09T23:07:26,36172,10396.2,287
2026-09-09T23:07:36,36172,10459.7,294
2026-09-09T23:07:47,36172,10524,305
2026-09-09T23:07:57,36172,10584.8,300
2026-09-09T23:08:07,36172,10643.1,266
2026-09-09T23:08:42,36172,10746.6,334
2026-09-09T23:08:52,36172,10810.2,331
2026-09-09T23:09:02,36172,10872.7,346
2026-09-09T23:09:12,36172,10934.5,323
2026-09-09T23:09:22,36172,10996.2,336
2026-09-09T23:09:32,36172,11058.6,342
2026-09-09T23:09:42,36172,11121.8,325
2026-09-09T23:09:52,36172,11185.6,341
2026-09-09T23:10:02,36172,11248.1,364
2026-09-09T23:10:12,36172,11309.5,354
2026-09-09T23:10:22,36172,11372.5,359
2026-09-09T23:10:32,36172,11431.7,360
2026-09-09T23:10:42,36172,11491.8,359
2026-09-09T23:10:52,36172,11554.6,352
2026-09-09T23:11:02,36172,11617,335
2026-09-09T23:11:12,36172,11679.2,345
2026-09-09T23:11:22,36172,11741.4,331
2026-09-09T23:11:32,36172,11804.2,329
2026-09-09T23:11:42,36172,11867,321
2026-09-09T23:11:52,36172,11930.7,329
2026-09-09T23:12:02,36172,11992.6,311
2026-09-09T23:12:12,36172,12054.3,316
2026-09-09T23:12:22,36172,12117.2,319
2026-09-09T23:12:32,36172,12179.3,307
2026-09-09T23:12:42,36172,12241.4,296
2026-09-09T23:12:52,36172,12303.4,314
2026-09-09T23:13:02,36172,12366.9,326
2026-09-09T23:13:12,36172,12429.3,321
2026-09-09T23:13:22,36172,12492.3,312
2026-09-09T23:13:32,36172,12555.3,312
2026-09-09T23:13:42,36172,12619.2,324
2026-09-09T23:13:52,36172,12681,317
2026-09-09T23:14:02,36172,12743.7,324
2026-09-09T23:14:12,36172,12807.5,326
2026-09-09T23:14:22,36172,12869.7,332
2026-09-09T23:14:32,36172,12931.9,331
2026-09-09T23:14:42,36172,12992.1,323
2026-09-09T23:14:52,36172,13053.2,319
2026-09-09T23:15:02,36172,13115,317
2026-09-09T23:15:12,36172,13177,326
2026-09-09T23:15:22,36172,13238.6,317
2026-09-09T23:15:32,36172,13300.8,321
2026-09-09T23:15:42,36172,13363,294
2026-09-09T23:15:52,36172,13425.7,288
2026-09-09T23:16:02,36172,13489.3,292
2026-09-09T23:16:12,36172,13552.2,312
2026-09-09T23:16:22,36172,13616.4,316
2026-09-09T23:16:32,36172,13679.7,297
2026-09-09T23:16:42,36172,13741.8,304
2026-09-09T23:16:52,36172,13802.7,301
2026-09-09T23:17:02,36172,13864.7,289
2026-09-09T23:17:12,36172,13927.8,313
2026-09-09T23:17:22,36172,13991.8,302
2026-09-09T23:17:32,36172,14055.1,281
2026-09-09T23:17:42,36172,14118.5,320
2026-09-09T23:17:52,36172,14181.7,307
2026-09-09T23:18:02,36172,14245,304
2026-09-09T23:18:12,36172,14307.9,306
2026-09-09T23:18:22,36172,14369.9,305
2026-09-09T23:18:32,36172,14432,306
2026-09-09T23:18:42,36172,14493.6,306
2026-09-09T23:18:53,36172,14553.9,292
2026-09-09T23:19:03,36172,14617.5,304
2026-09-09T23:19:13,36172,14680.1,292
2026-09-09T23:19:23,36172,14742.7,293
2026-09-09T23:19:33,36172,14803.9,287
2026-09-09T23:19:43,36172,14867.1,298
2026-09-09T23:19:53,36172,14929.9,300
2026-09-09T23:20:03,36172,14992.2,305
2026-09-09T23:20:13,36172,15056.8,306
2026-09-09T23:20:23,36172,15120.4,306
2026-09-09T23:20:33,36172,15181.4,306
2026-09-09T23:20:43,36172,15244.4,311
2026-09-09T23:20:53,36172,15305.7,292
2026-09-09T23:21:03,36172,15367.8,304
2026-09-09T23:21:13,36172,15432.5,285
2026-09-09T23:21:23,36172,15496.6,281
2026-09-09T23:21:33,36172,15558.7,295
2026-09-09T23:21:43,36172,15620.9,294
2026-09-09T23:21:53,36172,15684.9,293
2026-09-09T23:22:03,36172,15747,306
2026-09-09T23:22:13,36172,15809,307
2026-09-09T23:22:23,36172,15871.8,286
2026-09-09T23:22:33,36172,15934.9,314
2026-09-09T23:22:43,36172,15997.9,309
2026-09-09T23:22:53,36172,16060.4,319
2026-09-09T23:23:03,36172,16122.5,314
2026-09-09T23:23:13,36172,16185.6,307
2026-09-09T23:23:23,36172,16248.5,320
2026-09-09T23:23:33,36172,16310.2,307
2026-09-09T23:23:43,36172,16371.3,312
2026-09-09T23:23:53,36172,16433.3,304
2026-09-09T23:24:03,36172,16495,308
2026-09-09T23:24:13,36172,16557.6,319
2026-09-09T23:24:23,36172,16621.7,297
2026-09-09T23:24:33,36172,16684.6,301
2026-09-09T23:24:43,36172,16747.1,306
2026-09-09T23:24:53,36172,16810.7,309
2026-09-09T23:25:03,36172,16875,305
2026-09-09T23:25:13,36172,16939,304
2026-09-09T23:25:23,36172,17001.5,306
2026-09-09T23:25:33,36172,17064,300
2026-09-09T23:25:43,36172,17128.4,306
2026-09-09T23:25:53,36172,17189.7,302
2026-09-09T23:26:03,36172,17251.6,300
2026-09-09T23:26:13,36172,17312.9,289
2026-09-09T23:26:23,36172,17375.6,290
2026-09-09T23:26:33,36172,17439,307
2026-09-09T23:26:43,36172,17502.2,316
2026-09-09T23:26:53,36172,17565.5,304
2026-09-09T23:27:03,36172,17627.4,310
2026-09-09T23:27:13,36172,17689.3,314
2026-09-09T23:27:23,36172,17751.8,308
2026-09-09T23:27:33,36172,17814.3,299
2026-09-09T23:27:43,36172,17876.6,311
2026-09-09T23:27:53,36172,17938.9,297
2026-09-09T23:28:03,36172,17999.9,303
2026-09-09T23:28:13,36172,18060.6,283
2026-09-09T23:28:23,36172,18121.1,316
2026-09-09T23:28:33,36172,18183.3,310
2026-09-09T23:28:43,36172,18246,310
2026-09-09T23:28:53,36172,18309.1,303
2026-09-09T23:29:03,36172,18374.5,294
2026-09-09T23:29:13,36172,18436.2,294
2026-09-09T23:29:23,36172,18499,292
2026-09-09T23:29:33,36172,18564.3,320
2026-09-09T23:29:43,36172,18628.2,291
2026-09-09T23:29:53,36172,18689.9,312
2026-09-09T23:30:03,36172,18752.4,309
2026-09-09T23:30:13,36172,18813.9,301
2026-09-09T23:30:23,36172,18874.8,301
2026-09-09T23:30:34,36172,18936.2,301
2026-09-09T23:30:44,36172,18998.6,299
2026-09-09T23:30:54,36172,19061.8,312
2026-09-09T23:31:04,36172,19124,314
2026-09-09T23:31:14,36172,19186.5,301
2026-09-09T23:31:24,36172,19247.8,308
2026-09-09T23:31:34,36172,19309.7,290
2026-09-09T23:31:44,36172,19372.4,303
2026-09-09T23:31:54,36172,19433.1,301
2026-09-09T23:32:04,36172,19492.9,302
2026-09-09T23:32:14,36172,19553.6,296
2026-09-09T23:32:24,36172,19614.2,317
2026-09-09T23:32:34,36172,19674.9,301
2026-09-09T23:32:44,36172,19738.3,319
2026-09-09T23:32:54,36172,19802.2,313
2026-09-09T23:33:04,36172,19863.5,318
2026-09-09T23:33:14,36172,19928.2,318
2026-09-09T23:33:24,36172,19992.3,331
2026-09-09T23:33:34,36172,20053.9,317
2026-09-09T23:33:44,36172,20117.2,323
2026-09-09T23:33:54,36172,20179.2,324
2026-09-09T23:34:04,36172,20242.5,317
2026-09-09T23:34:14,36172,20305.5,323
2026-09-09T23:34:24,36172,20369,319
2026-09-09T23:34:34,36172,20431.2,318
2026-09-09T23:34:44,36172,20492.6,298
2026-09-09T23:34:54,36172,20554.1,312
2026-09-09T23:35:04,36172,20615.8,302
2026-09-09T23:35:14,36172,20678.8,289
2026-09-09T23:35:24,36172,20740.2,308
2026-09-09T23:35:34,36172,20802.5,271
2026-09-09T23:35:44,36172,20865,304
2026-09-09T23:35:54,36172,20926.8,291
2026-09-09T23:36:04,36172,20988,309
2026-09-09T23:36:14,36172,21050,282
2026-09-09T23:36:24,36172,21113,306
2026-09-09T23:36:34,36172,21176.5,306
2026-09-09T23:36:44,36172,21240.8,299
2026-09-09T23:36:54,36172,21302.2,300
2026-09-09T23:37:04,36172,21363.9,305
2026-09-09T23:37:14,36172,21426.3,311
2026-09-09T23:37:24,36172,21489.2,306
2026-09-09T23:37:34,36172,21552.3,304
2026-09-09T23:37:44,36172,21615.8,292
2026-09-09T23:37:54,36172,21680,292
2026-09-09T23:38:04,36172,21743.9,285
2026-09-09T23:38:14,36172,21806.5,293
2026-09-09T23:38:24,36172,21869.8,299
2026-09-09T23:38:34,36172,21933,295
2026-09-09T23:38:44,36172,21995.4,301
2026-09-09T23:38:54,36172,22057.7,281
2026-09-09T23:39:04,36172,22119.1,288
2026-09-09T23:39:14,36172,22181.1,281
2026-09-09T23:39:24,36172,22243.3,294
2026-09-09T23:39:34,36172,22305,304
2026-09-09T23:39:44,36172,22368.5,291
2026-09-09T23:39:54,36172,22431.1,299
2026-09-09T23:40:04,36172,22493.7,293
2026-09-09T23:40:14,36172,22555.9,295
2026-09-09T23:40:24,36172,22619,281
2026-09-09T23:40:34,36172,22682.3,272
2026-09-09T23:40:44,36172,22743.7,279
2026-09-09T23:40:54,36172,22807.7,295
2026-09-09T23:41:04,36172,22871,298
2026-09-09T23:41:14,36172,22932.6,305
2026-09-09T23:41:24,36172,22994.9,303
2026-09-09T23:41:34,36172,23056.2,305
2026-09-09T23:41:44,36172,23118,309
2026-09-09T23:41:54,36172,23181.1,305
2026-09-09T23:42:04,36172,23245.6,285
2026-09-09T23:42:14,36172,23308.9,361
2026-09-09T23:42:24,36172,23372,358
2026-09-09T23:42:34,36172,23434.8,342
2026-09-09T23:42:45,36172,23498.5,366
2026-09-09T23:42:55,36172,23561.4,361
