t,rss_mb,fds,threads,conns,cpu,frames,restarts,reconnects,hangs,running,health_ms,status_ms
0.0,72.74,5,7,0,95.4,0,0,0,0,3,,
30.2,58.26,4,15,0,1.6,444,0,0,0,3,,
60.5,58.26,4,15,0,0.3,891,0,0,0,3,,
90.2,59.31,4,15,0,0.3,1266,2,0,2,3,,
120.4,57.72,4,15,0,0.3,1710,2,0,2,3,,
150.2,57.46,4,15,0,0.4,1557,2,0,2,3,,
180.4,58.23,4,15,0,0.3,2003,2,0,2,3,,
210.2,65.42,4,15,0,0.3,2378,4,0,4,3,,
240.4,59.47,4,15,0,0.3,2822,4,0,4,3,,
270.1,58.65,4,15,0,0.3,2144,2,0,2,3,,
300.3,58.49,4,15,0,0.4,2590,2,0,2,3,,
330.0,64.5,4,15,0,0.4,2963,4,0,4,3,,
360.3,58.02,4,15,0,0.3,3410,4,0,4,3,,
390.2,56.92,4,15,0,0.3,2144,2,0,2,3,,
420.4,59.16,4,15,0,0.3,2590,2,0,2,3,,
450.1,65.06,4,15,0,0.3,2964,4,0,4,3,,
480.4,56.43,4,15,0,0.3,3409,4,0,4,3,,
510.1,64.47,4,15,0,0.3,2143,2,0,2,3,,
540.4,27.84,4,15,0,0.3,2588,2,0,2,3,,
570.1,27.34,4,15,0,0.3,2963,4,0,4,3,,
600.3,29.1,4,15,0,0.3,3408,4,0,4,3,,
630.0,35.31,4,15,0,0.3,2142,2,0,2,3,,
660.3,27.54,4,15,0,0.3,2586,2,0,2,3,,
690.0,36.26,4,15,0,0.4,2962,4,0,4,3,,
720.3,35.27,4,15,0,0.3,3406,4,0,4,3,,
750.0,29.07,4,15,0,0.3,2141,2,0,2,3,,
780.2,30.02,4,15,0,0.3,2585,2,0,2,3,,
810.5,37.44,4,15,0,0.3,2969,4,0,4,3,,
840.2,36.6,4,15,0,0.3,3407,4,0,4,3,,
870.1,35.01,4,15,0,0.3,2142,2,0,2,3,,
