epoch,step,train/cardinality_error,train/cardinality_error_0,train/cardinality_error_enc,train/class_error,train/loss,train/loss_bbox,train/loss_bbox_0,train/loss_bbox_enc,train/loss_ce,train/loss_ce_0,train/loss_ce_enc,train/loss_giou,train/loss_giou_0,train/loss_giou_enc,train/lr,train/lr_max,train/lr_min,val/AP/Hardhat,val/AP/Mask,val/AP/NO-Hardhat,val/AP/NO-Mask,val/AP/NO-Safety Vest,val/AP/Person,val/AP/Safety Cone,val/AP/Safety Vest,val/AP/machinery,val/AP/vehicle,val/F1,val/cardinality_error,val/cardinality_error_0,val/cardinality_error_enc,val/class_error,val/ema_mAP_50,val/ema_mAP_50_95,val/ema_mAR,val/loss,val/loss_bbox,val/loss_bbox_0,val/loss_bbox_enc,val/loss_ce,val/loss_ce_0,val/loss_ce_enc,val/loss_giou,val/loss_giou_0,val/loss_giou_enc,val/mAP_50,val/mAP_50_95,val/mAP_75,val/mAR,val/precision,val/recall
0,49,,,,,,,,,,,,,,,9.999999747378752e-05,9.999999747378752e-05,3.232564267818816e-06,,,,,,,,,,,,,,,,,,,,,,,,,,,,,,,,,,
0,99,,,,,,,,,,,,,,,9.999999747378752e-05,9.999999747378752e-05,3.232564267818816e-06,,,,,,,,,,,,,,,,,,,,,,,,,,,,,,,,,,
0,149,,,,,,,,,,,,,,,9.999999747378752e-05,9.999999747378752e-05,3.232564267818816e-06,,,,,,,,,,,,,,,,,,,,,,,,,,,,,,,,,,
0,162,,,,,,,,,,,,,,,,,,1.8610883216751972e-06,0.0,3.074841515626758e-05,0.0,0.0,0.0,0.0,0.0,0.0,0.0,0.0,293.8859558105469,293.8859558105469,293.8859558105469,90.4751968383789,8.01077203504974e-06,3.260950506955851e-06,0.000977802206762135,nan,1.0817219018936157,1.0817219018936157,1.208413004875183,nan,nan,nan,1.6685649156570435,1.6685649156570435,1.7350780963897705,8.01077203504974e-06,3.260950506955851e-06,0.0,0.000977802206762135,0.0,0.0
0,162,4.798329160220216e-13,-3.825090201178827e-13,-3.1524880701240023e-15,7.980994303749458e-15,nan,-4.579863801539904e-17,1.2510290145874023,2.404870797553788e-16,nan,nan,nan,2.0995453309195626e-16,2.92348575592041,inf,,,,,,,,,,,,,,,,,,,,,,,,,,,,,,,,,,,,,
1,199,,,,,,,,,,,,,,,9.999999747378752e-05,9.999999747378752e-05,3.232564267818816e-06,,,,,,,,,,,,,,,,,,,,,,,,,,,,,,,,,,
1,249,,,,,,,,,,,,,,,9.999999747378752e-05,9.999999747378752e-05,3.232564267818816e-06,,,,,,,,,,,,,,,,,,,,,,,,,,,,,,,,,,
1,299,,,,,,,,,,,,,,,9.999999747378752e-05,9.999999747378752e-05,3.232564267818816e-06,,,,,,,,,,,,,,,,,,,,,,,,,,,,,,,,,,
1,325,,,,,,,,,,,,,,,,,,1.8610883216751972e-06,0.0,3.074841515626758e-05,0.0,0.0,0.0,0.0,0.0,0.0,0.0,0.0,293.8859558105469,293.8859558105469,293.8859558105469,90.4751968383789,8.01077203504974e-06,3.260950506955851e-06,0.000988458632491529,nan,1.0817219018936157,1.0817219018936157,1.208413004875183,nan,nan,nan,1.6685649156570435,1.6685649156570435,1.7350780963897705,8.01077203504974e-06,3.260950506955851e-06,0.0,0.000977802206762135,0.0,0.0
1,325,24753.767578125,19428.046875,5.451441164802673e-13,-3.4531703668391756e-14,nan,3.3485750195081805e-17,-2.5548614727945583e-17,-1.8075244688682116e-17,nan,nan,nan,5.188511965109241e-16,1.7535162254006238e-16,-2.618242532870209e-17,,,,,,,,,,,,,,,,,,,,,,,,,,,,,,,,,,,,,
2,349,,,,,,,,,,,,,,,9.999999747378752e-05,9.999999747378752e-05,3.232564267818816e-06,,,,,,,,,,,,,,,,,,,,,,,,,,,,,,,,,,
2,399,,,,,,,,,,,,,,,9.999999747378752e-05,9.999999747378752e-05,3.232564267818816e-06,,,,,,,,,,,,,,,,,,,,,,,,,,,,,,,,,,
2,449,,,,,,,,,,,,,,,9.999999747378752e-05,9.999999747378752e-05,3.232564267818816e-06,,,,,,,,,,,,,,,,,,,,,,,,,,,,,,,,,,
2,488,,,,,,,,,,,,,,,,,,1.8610883216751972e-06,0.0,3.074841515626758e-05,0.0,0.0,0.0,0.0,0.0,0.0,0.0,0.0,293.8859558105469,293.8859558105469,293.8859558105469,90.4751968383789,8.01077203504974e-06,3.260950506955851e-06,0.000988458632491529,nan,1.0817219018936157,1.0817219018936157,1.208413004875183,nan,nan,nan,1.6685649156570435,1.6685649156570435,1.7350780963897705,8.01077203504974e-06,3.260950506955851e-06,0.0,0.000977802206762135,0.0,0.0
2,488,6.215146669888427e-13,5180.125,6.408502878753677e-14,-3.8462742919017495e-14,nan,5.913084983825684,9.151288375598297e-17,0.05333191528916359,nan,nan,nan,3.104425382523764e-17,-1.2721466239262291e-17,-7.877602285834046e-17,,,,,,,,,,,,,,,,,,,,,,,,,,,,,,,,,,,,,
3,499,,,,,,,,,,,,,,,9.999999747378752e-05,9.999999747378752e-05,3.232564267818816e-06,,,,,,,,,,,,,,,,,,,,,,,,,,,,,,,,,,
3,549,,,,,,,,,,,,,,,9.999999747378752e-05,9.999999747378752e-05,3.232564267818816e-06,,,,,,,,,,,,,,,,,,,,,,,,,,,,,,,,,,
3,599,,,,,,,,,,,,,,,9.999999747378752e-05,9.999999747378752e-05,3.232564267818816e-06,,,,,,,,,,,,,,,,,,,,,,,,,,,,,,,,,,
3,649,,,,,,,,,,,,,,,9.999999747378752e-05,9.999999747378752e-05,3.232564267818816e-06,,,,,,,,,,,,,,,,,,,,,,,,,,,,,,,,,,
3,651,,,,,,,,,,,,,,,,,,1.8610883216751972e-06,0.0,3.074841515626758e-05,0.0,0.0,0.0,0.0,0.0,0.0,0.0,0.0,293.8859558105469,293.8859558105469,293.8859558105469,90.4751968383789,8.01077203504974e-06,3.260950506955851e-06,0.000988458632491529,nan,1.0817219018936157,1.0817219018936157,1.208413004875183,nan,nan,nan,1.6685649156570435,1.6685649156570435,1.7350780963897705,8.01077203504974e-06,3.260950506955851e-06,0.0,0.000977802206762135,0.0,0.0
3,651,2.0723997672567225e-14,0.0,5473.7392578125,1.7847746528300637e-14,nan,-3.1104379929602894e-17,1.0410113334655762,0.0,nan,nan,nan,1.0737522343709995e-16,0.023291343823075294,4.88448580069399e-18,,,,,,,,,,,,,,,,,,,,,,,,,,,,,,,,,,,,,
4,699,,,,,,,,,,,,,,,9.999999747378752e-05,9.999999747378752e-05,3.232564267818816e-06,,,,,,,,,,,,,,,,,,,,,,,,,,,,,,,,,,
4,749,,,,,,,,,,,,,,,9.999999747378752e-05,9.999999747378752e-05,3.232564267818816e-06,,,,,,,,,,,,,,,,,,,,,,,,,,,,,,,,,,
4,799,,,,,,,,,,,,,,,9.999999747378752e-05,9.999999747378752e-05,3.232564267818816e-06,,,,,,,,,,,,,,,,,,,,,,,,,,,,,,,,,,
4,814,,,,,,,,,,,,,,,,,,1.8610883216751972e-06,0.0,3.074841515626758e-05,0.0,0.0,0.0,0.0,0.0,0.0,0.0,0.0,293.8859558105469,293.8859558105469,293.8859558105469,90.4751968383789,8.01077203504974e-06,3.260950506955851e-06,0.000988458632491529,nan,1.0817219018936157,1.0817219018936157,1.208413004875183,nan,nan,nan,1.6685649156570435,1.6685649156570435,1.7350780963897705,8.01077203504974e-06,3.260950506955851e-06,0.0,0.000977802206762135,0.0,0.0
4,814,7.563399234168655e-13,3107.199951171875,4.756933304835183e-14,1.5833547919509063e-14,nan,-1.5694081880100833e-16,1.049740195274353,1.0973240694146781e-17,nan,nan,nan,5.57571415105413e-17,0.2600324749946594,2.1878063625468077e-17,,,,,,,,,,,,,,,,,,,,,,,,,,,,,,,,,,,,,
5,849,,,,,,,,,,,,,,,9.999999747378752e-05,9.999999747378752e-05,3.232564267818816e-06,,,,,,,,,,,,,,,,,,,,,,,,,,,,,,,,,,
5,899,,,,,,,,,,,,,,,9.999999747378752e-05,0.0,3.232564267818816e-06,,,,,,,,,,,,,,,,,,,,,,,,,,,,,,,,,,
5,949,,,,,,,,,,,,,,,9.999999747378752e-05,9.999999747378752e-05,3.232564267818816e-06,,,,,,,,,,,,,,,,,,,,,,,,,,,,,,,,,,
5,977,,,,,,,,,,,,,,,,,,1.8610883216751972e-06,0.0,3.074841515626758e-05,0.0,0.0,0.0,0.0,0.0,0.0,0.0,0.0,293.8859558105469,293.8859558105469,293.8859558105469,90.4751968383789,8.01077203504974e-06,3.260950506955851e-06,0.000988458632491529,nan,1.0817219018936157,1.0817219018936157,1.208413004875183,nan,nan,nan,1.6685649156570435,1.6685649156570435,1.7350780963897705,8.01077203504974e-06,3.260950506955851e-06,0.0,0.000977802206762135,0.0,0.0
5,977,2.491812908355512e-13,1409.881103515625,3884.426513671875,3.6699542195354e-14,nan,3.1541934650841804e-16,1.0972718000411987,1.5054583916324657e-16,nan,nan,nan,6.599493625293943e-16,4.089018821716309,3.062557139511025e-17,,,,,,,,,,,,,,,,,,,,,,,,,,,,,,,,,,,,,
6,999,,,,,,,,,,,,,,,9.999999747378752e-05,9.999999747378752e-05,3.232564267818816e-06,,,,,,,,,,,,,,,,,,,,,,,,,,,,,,,,,,
6,1049,,,,,,,,,,,,,,,9.999999747378752e-05,9.999999747378752e-05,3.232564267818816e-06,,,,,,,,,,,,,,,,,,,,,,,,,,,,,,,,,,
6,1099,,,,,,,,,,,,,,,9.999999747378752e-05,9.999999747378752e-05,3.232564267818816e-06,,,,,,,,,,,,,,,,,,,,,,,,,,,,,,,,,,
6,1140,,,,,,,,,,,,,,,,,,1.8610883216751972e-06,0.0,3.074841515626758e-05,0.0,0.0,0.0,0.0,0.0,0.0,0.0,0.0,293.8859558105469,293.8859558105469,293.8859558105469,90.4751968383789,8.01077203504974e-06,3.260950506955851e-06,0.000988458632491529,nan,1.0817219018936157,1.0817219018936157,1.208413004875183,nan,nan,nan,1.6685649156570435,1.6685649156570435,1.7350780963897705,8.01077203504974e-06,3.260950506955851e-06,0.0,0.000977802206762135,0.0,0.0
6,1140,5317.31591796875,9210.8701171875,1.0755503069117059e-13,3.1177802174838995e-14,nan,-3.7261977260407656e-16,0.47237899899482727,1.102084755897522,nan,nan,nan,1.2513707876205444,2.429536926373425e-16,-1.2820111001467813e-16,,,,,,,,,,,,,,,,,,,,,,,,,,,,,,,,,,,,,
7,1149,,,,,,,,,,,,,,,9.999999747378752e-05,9.999999747378752e-05,3.232564267818816e-06,,,,,,,,,,,,,,,,,,,,,,,,,,,,,,,,,,
7,1199,,,,,,,,,,,,,,,9.999999747378752e-05,9.999999747378752e-05,3.232564267818816e-06,,,,,,,,,,,,,,,,,,,,,,,,,,,,,,,,,,
7,1249,,,,,,,,,,,,,,,9.999999747378752e-05,9.999999747378752e-05,3.232564267818816e-06,,,,,,,,,,,,,,,,,,,,,,,,,,,,,,,,,,
7,1299,,,,,,,,,,,,,,,9.999999747378752e-05,9.999999747378752e-05,3.232564267818816e-06,,,,,,,,,,,,,,,,,,,,,,,,,,,,,,,,,,
7,1303,,,,,,,,,,,,,,,,,,1.8610883216751972e-06,0.0,3.074841515626758e-05,0.0,0.0,0.0,0.0,0.0,0.0,0.0,0.0,293.8859558105469,293.8859558105469,293.8859558105469,90.4751968383789,8.01077203504974e-06,3.260950506955851e-06,0.000988458632491529,nan,1.0817219018936157,1.0817219018936157,1.208413004875183,nan,nan,nan,1.6685649156570435,1.6685649156570435,1.7350780963897705,8.01077203504974e-06,3.260950506955851e-06,0.0,0.000977802206762135,0.0,0.0
7,1303,3320.801025390625,4.300281647700438e-13,-2.0303963859606006e-13,5.737151341023497e-14,nan,3.5146467685699463,-5.700222700344591e-17,9.214639822608019e-17,nan,nan,nan,-2.4459521601934175e-16,-1.0840261484511531e-16,1.3641558259759113e-16,,,,,,,,,,,,,,,,,,,,,,,,,,,,,,,,,,,,,
8,1349,,,,,,,,,,,,,,,9.999999747378752e-05,9.999999747378752e-05,3.232564267818816e-06,,,,,,,,,,,,,,,,,,,,,,,,,,,,,,,,,,
8,1399,,,,,,,,,,,,,,,9.999999747378752e-05,9.999999747378752e-05,3.232564267818816e-06,,,,,,,,,,,,,,,,,,,,,,,,,,,,,,,,,,
8,1449,,,,,,,,,,,,,,,9.999999747378752e-05,9.999999747378752e-05,3.232564267818816e-06,,,,,,,,,,,,,,,,,,,,,,,,,,,,,,,,,,
8,1466,,,,,,,,,,,,,,,,,,1.8610883216751972e-06,0.0,3.074841515626758e-05,0.0,0.0,0.0,0.0,0.0,0.0,0.0,0.0,293.8859558105469,293.8859558105469,293.8859558105469,90.4751968383789,8.01077203504974e-06,3.260950506955851e-06,0.000988458632491529,nan,1.0817219018936157,1.0817219018936157,1.208413004875183,nan,nan,nan,1.6685649156570435,1.6685649156570435,1.7350780963897705,8.01077203504974e-06,3.260950506955851e-06,0.0,0.000977802206762135,0.0,0.0
8,1466,1413.0555419921875,4053.78271484375,-4.932443952517136e-14,4.505259826228375e-15,nan,5.606147766113281,-2.527419259664744e-17,-1.6704063783199914e-17,nan,nan,nan,3.7989803555225714e-16,-3.5306652655996837e-17,0.2865900993347168,,,,,,,,,,,,,,,,,,,,,,,,,,,,,,,,,,,,,
9,1499,,,,,,,,,,,,,,,9.999999747378752e-05,9.999999747378752e-05,3.232564267818816e-06,,,,,,,,,,,,,,,,,,,,,,,,,,,,,,,,,,
9,1549,,,,,,,,,,,,,,,9.999999747378752e-05,9.999999747378752e-05,3.232564267818816e-06,,,,,,,,,,,,,,,,,,,,,,,,,,,,,,,,,,
9,1599,,,,,,,,,,,,,,,9.999999747378752e-05,9.999999747378752e-05,3.232564267818816e-06,,,,,,,,,,,,,,,,,,,,,,,,,,,,,,,,,,
9,1629,,,,,,,,,,,,,,,,,,1.8610883216751972e-06,0.0,3.074841515626758e-05,0.0,0.0,0.0,0.0,0.0,0.0,0.0,0.0,293.8859558105469,293.8859558105469,293.8859558105469,90.4751968383789,8.01077203504974e-06,3.260950506955851e-06,0.000988458632491529,nan,1.0817219018936157,1.0817219018936157,1.208413004875183,nan,nan,nan,1.6685649156570435,1.6685649156570435,1.7350780963897705,8.01077203504974e-06,3.260950506955851e-06,0.0,0.000977802206762135,0.0,0.0
9,1629,-6.414657758961606e-14,-6.50635957871043e-14,-2.010204340225502e-13,8.463421749451555e-14,nan,-3.5281034541553825e-16,-1.6570128352776553e-17,-3.3065949416766243e-17,nan,nan,nan,1.755537509918213,5.292703899764217e-17,1.7448440790176392,,,,,,,,,,,,,,,,,,,,,,,,,,,,,,,,,,,,,
10,1649,,,,,,,,,,,,,,,9.999999747378752e-05,9.999999747378752e-05,3.232564267818816e-06,,,,,,,,,,,,,,,,,,,,,,,,,,,,,,,,,,
10,1699,,,,,,,,,,,,,,,9.999999747378752e-05,9.999999747378752e-05,3.232564267818816e-06,,,,,,,,,,,,,,,,,,,,,,,,,,,,,,,,,,
10,1749,,,,,,,,,,,,,,,9.999999747378752e-05,9.999999747378752e-05,3.232564267818816e-06,,,,,,,,,,,,,,,,,,,,,,,,,,,,,,,,,,
10,1792,,,,,,,,,,,,,,,,,,1.8610883216751972e-06,0.0,3.074841515626758e-05,0.0,0.0,0.0,0.0,0.0,0.0,0.0,0.0,293.8859558105469,293.8859558105469,293.8859558105469,90.4751968383789,8.01077203504974e-06,3.260950506955851e-06,0.000988458632491529,nan,1.0817219018936157,1.0817219018936157,1.208413004875183,nan,nan,nan,1.6685649156570435,1.6685649156570435,1.7350780963897705,8.01077203504974e-06,3.260950506955851e-06,0.0,0.000977802206762135,0.0,0.0
10,1792,55819.88671875,2826.75,7.983888615330226e-13,-5.1851155747489885e-15,nan,-3.8596621267361145e-17,5.957709466653568e-17,-2.7128394040301407e-17,nan,nan,nan,1.3479671734693095e-16,2.235919819184322e-17,-1.8280254786058484e-16,,,,,,,,,,,,,,,,,,,,,,,,,,,,,,,,,,,,,
11,1799,,,,,,,,,,,,,,,9.999999747378752e-05,9.999999747378752e-05,3.232564267818816e-06,,,,,,,,,,,,,,,,,,,,,,,,,,,,,,,,,,
11,1849,,,,,,,,,,,,,,,9.999999747378752e-05,9.999999747378752e-05,3.232564267818816e-06,,,,,,,,,,,,,,,,,,,,,,,,,,,,,,,,,,
11,1899,,,,,,,,,,,,,,,9.999999747378752e-05,9.999999747378752e-05,3.232564267818816e-06,,,,,,,,,,,,,,,,,,,,,,,,,,,,,,,,,,
11,1949,,,,,,,,,,,,,,,9.999999747378752e-05,9.999999747378752e-05,3.232564267818816e-06,,,,,,,,,,,,,,,,,,,,,,,,,,,,,,,,,,
11,1955,,,,,,,,,,,,,,,,,,1.8610883216751972e-06,0.0,3.074841515626758e-05,0.0,0.0,0.0,0.0,0.0,0.0,0.0,0.0,293.8859558105469,293.8859558105469,293.8859558105469,90.4751968383789,8.01077203504974e-06,3.260950506955851e-06,0.000988458632491529,nan,1.0817219018936157,1.0817219018936157,1.208413004875183,nan,nan,nan,1.6685649156570435,1.6685649156570435,1.7350780963897705,8.01077203504974e-06,3.260950506955851e-06,0.0,0.000977802206762135,0.0,0.0
11,1955,24607.416015625,6.290575699230416e-13,8.769611962609544e-14,2.305664848227442e-14,nan,1.6662132012716131e-16,1.567211295564816e-17,1.145617961883545,nan,nan,nan,0.13926465809345245,-1.9111132895949623e-17,1.697985671820918e-16,,,,,,,,,,,,,,,,,,,,,,,,,,,,,,,,,,,,,
12,1999,,,,,,,,,,,,,,,9.999999747378752e-05,9.999999747378752e-05,3.232564267818816e-06,,,,,,,,,,,,,,,,,,,,,,,,,,,,,,,,,,
12,2049,,,,,,,,,,,,,,,9.999999747378752e-05,9.999999747378752e-05,3.232564267818816e-06,,,,,,,,,,,,,,,,,,,,,,,,,,,,,,,,,,
12,2099,,,,,,,,,,,,,,,9.999999747378752e-05,9.999999747378752e-05,3.232564267818816e-06,,,,,,,,,,,,,,,,,,,,,,,,,,,,,,,,,,
12,2118,,,,,,,,,,,,,,,,,,1.8610883216751972e-06,0.0,3.074841515626758e-05,0.0,0.0,0.0,0.0,0.0,0.0,0.0,0.0,293.8859558105469,293.8859558105469,293.8859558105469,90.4751968383789,8.01077203504974e-06,3.260950506955851e-06,0.000988458632491529,nan,1.0817219018936157,1.0817219018936157,1.208413004875183,nan,nan,nan,1.6685649156570435,1.6685649156570435,1.7350780963897705,8.01077203504974e-06,3.260950506955851e-06,0.0,0.000977802206762135,0.0,0.0
12,2118,3968.88818359375,2.471044473640466e-13,1.1642698252972011e-13,5.6256807887252944e-14,nan,4.2788378873808314e-17,0.31032228469848633,1.579759989416715e-16,nan,nan,nan,1.0583247865512935e-16,7.124486763584526e-17,2.277506423742099e-16,,,,,,,,,,,,,,,,,,,,,,,,,,,,,,,,,,,,,
13,2149,,,,,,,,,,,,,,,9.999999747378752e-05,9.999999747378752e-05,3.232564267818816e-06,,,,,,,,,,,,,,,,,,,,,,,,,,,,,,,,,,
13,2199,,,,,,,,,,,,,,,9.999999747378752e-05,9.999999747378752e-05,3.232564267818816e-06,,,,,,,,,,,,,,,,,,,,,,,,,,,,,,,,,,
13,2249,,,,,,,,,,,,,,,9.999999747378752e-05,9.999999747378752e-05,3.232564267818816e-06,,,,,,,,,,,,,,,,,,,,,,,,,,,,,,,,,,
13,2281,,,,,,,,,,,,,,,,,,1.8610883216751972e-06,0.0,3.074841515626758e-05,0.0,0.0,0.0,0.0,0.0,0.0,0.0,0.0,293.8859558105469,293.8859558105469,293.8859558105469,90.4751968383789,8.01077203504974e-06,3.260950506955851e-06,0.000988458632491529,nan,1.0817219018936157,1.0817219018936157,1.208413004875183,nan,nan,nan,1.6685649156570435,1.6685649156570435,1.7350780963897705,8.01077203504974e-06,3.260950506955851e-06,0.0,0.000977802206762135,0.0,0.0
13,2281,7.862293986433261e-14,3948.870849609375,3.4095060216961237e-13,5.627237635282348e-14,nan,-1.0351702144958112e-17,-9.621973334731181e-18,-4.7709759411364007e-17,nan,nan,nan,2.9817971802017577e-17,3.171280435736015e-17,1.4444026686075996e-16,,,,,,,,,,,,,,,,,,,,,,,,,,,,,,,,,,,,,
14,2299,,,,,,,,,,,,,,,9.999999747378752e-05,9.999999747378752e-05,0.0,,,,,,,,,,,,,,,,,,,,,,,,,,,,,,,,,,
14,2349,,,,,,,,,,,,,,,9.999999747378752e-05,9.999999747378752e-05,3.232564267818816e-06,,,,,,,,,,,,,,,,,,,,,,,,,,,,,,,,,,
14,2399,,,,,,,,,,,,,,,9.999999747378752e-05,9.999999747378752e-05,3.232564267818816e-06,,,,,,,,,,,,,,,,,,,,,,,,,,,,,,,,,,
14,2444,,,,,,,,,,,,,,,,,,1.8610883216751972e-06,0.0,3.074841515626758e-05,0.0,0.0,0.0,0.0,0.0,0.0,0.0,0.0,293.8859558105469,293.8859558105469,293.8859558105469,90.4751968383789,8.01077203504974e-06,3.260950506955851e-06,0.000988458632491529,nan,1.0817219018936157,1.0817219018936157,1.208413004875183,nan,nan,nan,1.6685649156570435,1.6685649156570435,1.7350780963897705,8.01077203504974e-06,3.260950506955851e-06,0.0,0.000977802206762135,0.0,0.0
14,2444,1.107643490816379e-12,-5.84189950103911e-14,3886.875,19.665813446044922,nan,0.6107215881347656,1.0512402057647705,-7.049127962802985e-17,nan,nan,nan,9.436824798583984,2.0470717721860567e-16,2.181386051329967e-16,,,,,,,,,,,,,,,,,,,,,,,,,,,,,,,,,,,,,
15,2449,,,,,,,,,,,,,,,9.999999747378752e-05,9.999999747378752e-05,3.232564267818816e-06,,,,,,,,,,,,,,,,,,,,,,,,,,,,,,,,,,
15,2499,,,,,,,,,,,,,,,9.999999747378752e-05,9.999999747378752e-05,3.232564267818816e-06,,,,,,,,,,,,,,,,,,,,,,,,,,,,,,,,,,
15,2549,,,,,,,,,,,,,,,9.999999747378752e-05,9.999999747378752e-05,3.232564267818816e-06,,,,,,,,,,,,,,,,,,,,,,,,,,,,,,,,,,
15,2599,,,,,,,,,,,,,,,9.999999747378752e-05,9.999999747378752e-05,3.232564267818816e-06,,,,,,,,,,,,,,,,,,,,,,,,,,,,,,,,,,
15,2607,,,,,,,,,,,,,,,,,,1.8610883216751972e-06,0.0,3.074841515626758e-05,0.0,0.0,0.0,0.0,0.0,0.0,0.0,0.0,293.8859558105469,293.8859558105469,293.8859558105469,90.4751968383789,8.01077203504974e-06,3.260950506955851e-06,0.000988458632491529,nan,1.0817219018936157,1.0817219018936157,1.208413004875183,nan,nan,nan,1.6685649156570435,1.6685649156570435,1.7350780963897705,8.01077203504974e-06,3.260950506955851e-06,0.0,0.000977802206762135,0.0,0.0
15,2607,-1.7148755289062012e-12,7.866990614719196e-14,6.965070339058632e-13,6.729344729020093e-14,nan,4.571966171264648,1.1225950717926025,2.3073389530181885,nan,nan,nan,4.824320090921006e-16,3.623407763262394e-17,5.5243588081598974e-17,,,,,,,,,,,,,,,,,,,,,,,,,,,,,,,,,,,,,
16,2649,,,,,,,,,,,,,,,9.999999747378752e-05,9.999999747378752e-05,0.0,,,,,,,,,,,,,,,,,,,,,,,,,,,,,,,,,,
16,2699,,,,,,,,,,,,,,,9.999999747378752e-05,9.999999747378752e-05,3.232564267818816e-06,,,,,,,,,,,,,,,,,,,,,,,,,,,,,,,,,,
16,2749,,,,,,,,,,,,,,,9.999999747378752e-05,9.999999747378752e-05,3.232564267818816e-06,,,,,,,,,,,,,,,,,,,,,,,,,,,,,,,,,,
16,2770,,,,,,,,,,,,,,,,,,1.8610883216751972e-06,0.0,3.074841515626758e-05,0.0,0.0,0.0,0.0,0.0,0.0,0.0,0.0,293.8859558105469,293.8859558105469,293.8859558105469,90.4751968383789,8.01077203504974e-06,3.260950506955851e-06,0.000988458632491529,nan,1.0817219018936157,1.0817219018936157,1.208413004875183,nan,nan,nan,1.6685649156570435,1.6685649156570435,1.7350780963897705,8.01077203504974e-06,3.260950506955851e-06,0.0,0.000977802206762135,0.0,0.0
16,2770,60409.18359375,8.152984580858669e-13,5.702224174612691e-13,3.895629546485542e-14,nan,-4.2116256906673047e-16,-1.0133971664121904e-16,-6.7124374947891985e-18,nan,nan,nan,6.706160545349121,1.3577128334666745e-17,1.916250467300415,,,,,,,,,,,,,,,,,,,,,,,,,,,,,,,,,,,,,
17,2799,,,,,,,,,,,,,,,9.999999747378752e-05,9.999999747378752e-05,3.232564267818816e-06,,,,,,,,,,,,,,,,,,,,,,,,,,,,,,,,,,
17,2849,,,,,,,,,,,,,,,9.999999747378752e-05,9.999999747378752e-05,3.232564267818816e-06,,,,,,,,,,,,,,,,,,,,,,,,,,,,,,,,,,
17,2899,,,,,,,,,,,,,,,9.999999747378752e-05,9.999999747378752e-05,3.232564267818816e-06,,,,,,,,,,,,,,,,,,,,,,,,,,,,,,,,,,
17,2933,,,,,,,,,,,,,,,,,,1.8610883216751972e-06,0.0,3.074841515626758e-05,0.0,0.0,0.0,0.0,0.0,0.0,0.0,0.0,293.8859558105469,293.8859558105469,293.8859558105469,90.4751968383789,8.01077203504974e-06,3.260950506955851e-06,0.000988458632491529,nan,1.0817219018936157,1.0817219018936157,1.208413004875183,nan,nan,nan,1.6685649156570435,1.6685649156570435,1.7350780963897705,8.01077203504974e-06,3.260950506955851e-06,0.0,0.000977802206762135,0.0,0.0
17,2933,6.325841543294852e-13,-2.302380020576672e-13,-2.1105788286773092e-13,8.671923991615885e-14,nan,1.7567505677701552e-16,1.0496366024017334,5.199720196234886e-17,nan,nan,nan,1.6951674222946167,-5.0371080683355365e-17,1.7521109580993652,,,,,,,,,,,,,,,,,,,,,,,,,,,,,,,,,,,,,
18,2949,,,,,,,,,,,,,,,9.999999747378752e-05,9.999999747378752e-05,3.232564267818816e-06,,,,,,,,,,,,,,,,,,,,,,,,,,,,,,,,,,
18,2999,,,,,,,,,,,,,,,9.999999747378752e-05,9.999999747378752e-05,3.232564267818816e-06,,,,,,,,,,,,,,,,,,,,,,,,,,,,,,,,,,
18,3049,,,,,,,,,,,,,,,9.999999747378752e-05,9.999999747378752e-05,3.232564267818816e-06,,,,,,,,,,,,,,,,,,,,,,,,,,,,,,,,,,
18,3096,,,,,,,,,,,,,,,,,,1.8610883216751972e-06,0.0,3.074841515626758e-05,0.0,0.0,0.0,0.0,0.0,0.0,0.0,0.0,293.8859558105469,293.8859558105469,293.8859558105469,90.4751968383789,8.01077203504974e-06,3.260950506955851e-06,0.000988458632491529,nan,1.0817219018936157,1.0817219018936157,1.208413004875183,nan,nan,nan,1.6685649156570435,1.6685649156570435,1.7350780963897705,8.01077203504974e-06,3.260950506955851e-06,0.0,0.000977802206762135,0.0,0.0
18,3096,337.1847839355469,0.0,474.375,-3.846863149206681e-14,nan,1.05208077730149e-15,2.7069278750644692e-18,1.4663594831361052e-16,nan,nan,nan,7.086416603072386e-18,inf,5.893675099330123e-17,,,,,,,,,,,,,,,,,,,,,,,,,,,,,,,,,,,,,
19,3099,,,,,,,,,,,,,,,9.999999747378752e-05,9.999999747378752e-05,3.232564267818816e-06,,,,,,,,,,,,,,,,,,,,,,,,,,,,,,,,,,
19,3149,,,,,,,,,,,,,,,9.999999747378752e-05,9.999999747378752e-05,3.232564267818816e-06,,,,,,,,,,,,,,,,,,,,,,,,,,,,,,,,,,
19,3199,,,,,,,,,,,,,,,9.999999747378752e-05,9.999999747378752e-05,3.232564267818816e-06,,,,,,,,,,,,,,,,,,,,,,,,,,,,,,,,,,
19,3249,,,,,,,,,,,,,,,9.999999747378752e-05,9.999999747378752e-05,3.232564267818816e-06,,,,,,,,,,,,,,,,,,,,,,,,,,,,,,,,,,
19,3259,,,,,,,,,,,,,,,,,,1.8610883216751972e-06,0.0,3.074841515626758e-05,0.0,0.0,0.0,0.0,0.0,0.0,0.0,0.0,293.8859558105469,293.8859558105469,293.8859558105469,90.4751968383789,8.01077203504974e-06,3.260950506955851e-06,0.000988458632491529,nan,1.0817219018936157,1.0817219018936157,1.208413004875183,nan,nan,nan,1.6685649156570435,1.6685649156570435,1.7350780963897705,8.01077203504974e-06,3.260950506955851e-06,0.0,0.000977802206762135,0.0,0.0
19,3259,1226.5263671875,4660.7998046875,-1.510948755435032e-13,-4.292285673619016e-15,nan,4.5024224908481997e-17,0.0976497232913971,2.882344064014425e-16,nan,nan,nan,1.4709380601754842e-17,-5.289773281572003e-18,2.1853365898132324,,,,,,,,,,,,,,,,,,,,,,,,,,,,,,,,,,,,,
20,3299,,,,,,,,,,,,,,,9.999999747378752e-05,9.999999747378752e-05,3.232564267818816e-06,,,,,,,,,,,,,,,,,,,,,,,,,,,,,,,,,,
20,3349,,,,,,,,,,,,,,,9.999999747378752e-05,9.999999747378752e-05,3.232564267818816e-06,,,,,,,,,,,,,,,,,,,,,,,,,,,,,,,,,,
20,3399,,,,,,,,,,,,,,,9.999999747378752e-05,9.999999747378752e-05,3.232564267818816e-06,,,,,,,,,,,,,,,,,,,,,,,,,,,,,,,,,,
20,3422,,,,,,,,,,,,,,,,,,1.8610883216751972e-06,0.0,3.074841515626758e-05,0.0,0.0,0.0,0.0,0.0,0.0,0.0,0.0,293.8859558105469,293.8859558105469,293.8859558105469,90.4751968383789,8.01077203504974e-06,3.260950506955851e-06,0.000988458632491529,nan,1.0817219018936157,1.0817219018936157,1.208413004875183,nan,nan,nan,1.6685649156570435,1.6685649156570435,1.7350780963897705,8.01077203504974e-06,3.260950506955851e-06,0.0,0.000977802206762135,0.0,0.0
20,3422,1555.5333251953125,3.3418255142303455e-13,1502.5682373046875,4.1795373721198806e-14,nan,-1.3074378711704978e-17,-1.2506151125814738e-17,2.4930037485349853e-17,nan,nan,nan,-1.9407280098855858e-17,3.9825801731447594e-17,3.512696917461562e-17,,,,,,,,,,,,,,,,,,,,,,,,,,,,,,,,,,,,,
21,3449,,,,,,,,,,,,,,,9.999999747378752e-05,9.999999747378752e-05,3.232564267818816e-06,,,,,,,,,,,,,,,,,,,,,,,,,,,,,,,,,,
21,3499,,,,,,,,,,,,,,,9.999999747378752e-05,9.999999747378752e-05,3.232564267818816e-06,,,,,,,,,,,,,,,,,,,,,,,,,,,,,,,,,,
21,3549,,,,,,,,,,,,,,,9.999999747378752e-05,9.999999747378752e-05,3.232564267818816e-06,,,,,,,,,,,,,,,,,,,,,,,,,,,,,,,,,,
21,3585,,,,,,,,,,,,,,,,,,1.8610883216751972e-06,0.0,3.074841515626758e-05,0.0,0.0,0.0,0.0,0.0,0.0,0.0,0.0,293.8859558105469,293.8859558105469,293.8859558105469,90.4751968383789,8.01077203504974e-06,3.260950506955851e-06,0.000988458632491529,nan,1.0817219018936157,1.0817219018936157,1.208413004875183,nan,nan,nan,1.6685649156570435,1.6685649156570435,1.7350780963897705,8.01077203504974e-06,3.260950506955851e-06,0.0,0.000977802206762135,0.0,0.0
21,3585,4.71757032852356e-14,1332.9285888671875,7.875408089335831e-14,8.24782272644195e-14,nan,2.872904675910664e-16,0.09141043573617935,1.199971318244934,nan,nan,nan,3.4522617784194575e-17,1.8212579488754272,3.619635819669152e-17,,,,,,,,,,,,,,,,,,,,,,,,,,,,,,,,,,,,,
22,3599,,,,,,,,,,,,,,,9.999999747378752e-05,9.999999747378752e-05,3.232564267818816e-06,,,,,,,,,,,,,,,,,,,,,,,,,,,,,,,,,,
22,3649,,,,,,,,,,,,,,,9.999999747378752e-05,9.999999747378752e-05,3.232564267818816e-06,,,,,,,,,,,,,,,,,,,,,,,,,,,,,,,,,,
22,3699,,,,,,,,,,,,,,,9.999999747378752e-05,9.999999747378752e-05,3.232564267818816e-06,,,,,,,,,,,,,,,,,,,,,,,,,,,,,,,,,,
22,3748,,,,,,,,,,,,,,,,,,1.8610883216751972e-06,0.0,3.074841515626758e-05,0.0,0.0,0.0,0.0,0.0,0.0,0.0,0.0,293.8859558105469,293.8859558105469,293.8859558105469,90.4751968383789,8.01077203504974e-06,3.260950506955851e-06,0.000988458632491529,nan,1.0817219018936157,1.0817219018936157,1.208413004875183,nan,nan,nan,1.6685649156570435,1.6685649156570435,1.7350780963897705,8.01077203504974e-06,3.260950506955851e-06,0.0,0.000977802206762135,0.0,0.0
22,3748,5568.01513671875,4.766609199360894e-13,2146.4072265625,93.85615539550781,nan,1.5884580612182617,1.1444483173012526e-16,-1.7374396724106352e-16,nan,nan,nan,3.82972182815639e-16,2.0608391016035932e-16,-7.068350316749737e-17,,,,,,,,,,,,,,,,,,,,,,,,,,,,,,,,,,,,,
23,3749,,,,,,,,,,,,,,,9.999999747378752e-05,9.999999747378752e-05,3.232564267818816e-06,,,,,,,,,,,,,,,,,,,,,,,,,,,,,,,,,,
23,3799,,,,,,,,,,,,,,,9.999999747378752e-05,9.999999747378752e-05,3.232564267818816e-06,,,,,,,,,,,,,,,,,,,,,,,,,,,,,,,,,,
23,3849,,,,,,,,,,,,,,,9.999999747378752e-05,9.999999747378752e-05,3.232564267818816e-06,,,,,,,,,,,,,,,,,,,,,,,,,,,,,,,,,,
23,3899,,,,,,,,,,,,,,,9.999999747378752e-05,9.999999747378752e-05,3.232564267818816e-06,,,,,,,,,,,,,,,,,,,,,,,,,,,,,,,,,,
23,3911,,,,,,,,,,,,,,,,,,1.8610883216751972e-06,0.0,3.074841515626758e-05,0.0,0.0,0.0,0.0,0.0,0.0,0.0,0.0,293.8859558105469,293.8859558105469,293.8859558105469,90.4751968383789,8.01077203504974e-06,3.260950506955851e-06,0.000988458632491529,nan,1.0817219018936157,1.0817219018936157,1.208413004875183,nan,nan,nan,1.6685649156570435,1.6685649156570435,1.7350780963897705,8.01077203504974e-06,3.260950506955851e-06,0.0,0.000977802206762135,0.0,0.0
23,3911,-3.242828640163953e-13,2723.920654296875,3257.772705078125,2.848372918280197e-14,nan,0.48822975158691406,1.0343966484069824,-7.408007881620752e-18,nan,nan,nan,1.791938963377059e-16,3.092491350041441e-16,2.3347767035861264e-16,,,,,,,,,,,,,,,,,,,,,,,,,,,,,,,,,,,,,
