epoch,epoch_time_s,eta_min,step,train/cardinality_error,train/cardinality_error_0,train/cardinality_error_enc,train/class_error,train/loss,train/loss_bbox,train/loss_bbox_0,train/loss_bbox_enc,train/loss_ce,train/loss_ce_0,train/loss_ce_enc,train/loss_giou,train/loss_giou_0,train/loss_giou_enc,train/lr,train/lr_max,train/lr_min,val/AP/Hardhat,val/AP/NO-Hardhat,val/AP/NO-Safety-Vest,val/AP/Safety-Vest,val/AP/person,val/F1,val/cardinality_error,val/cardinality_error_0,val/cardinality_error_enc,val/class_error,val/ema_mAP_50,val/ema_mAP_50_95,val/ema_mAR,val/loss,val/loss_bbox,val/loss_bbox_0,val/loss_bbox_enc,val/loss_ce,val/loss_ce_0,val/loss_ce_enc,val/loss_giou,val/loss_giou_0,val/loss_giou_enc,val/mAP_50,val/mAP_50_95,val/mAP_75,val/mAR,val/precision,val/recall
0,,,49,,,,,,,,,,,,,,,9.999999747378752e-05,9.999999747378752e-05,3.232564267818816e-06,,,,,,,,,,,,,,,,,,,,,,,,,,,,,
0,,,99,,,,,,,,,,,,,,,9.999999747378752e-05,9.999999747378752e-05,3.232564267818816e-06,,,,,,,,,,,,,,,,,,,,,,,,,,,,,
0,,,149,,,,,,,,,,,,,,,9.999999747378752e-05,9.999999747378752e-05,3.232564267818816e-06,,,,,,,,,,,,,,,,,,,,,,,,,,,,,
0,,,199,,,,,,,,,,,,,,,9.999999747378752e-05,9.999999747378752e-05,3.232564267818816e-06,,,,,,,,,,,,,,,,,,,,,,,,,,,,,
0,,,249,,,,,,,,,,,,,,,9.999999747378752e-05,9.999999747378752e-05,3.232564267818816e-06,,,,,,,,,,,,,,,,,,,,,,,,,,,,,
0,,,299,,,,,,,,,,,,,,,9.999999747378752e-05,9.999999747378752e-05,3.232564267818816e-06,,,,,,,,,,,,,,,,,,,,,,,,,,,,,
0,,,342,,,,,,,,,,,,,,,,,,,,,,,,297.85125732421875,297.70001220703125,297.9312438964844,0.5861929059028625,,,,3.468388319015503,0.03656411170959473,0.03657376021146774,0.050575822591781616,0.5029208064079285,0.5427824258804321,0.5785685777664185,0.19461704790592194,0.19346238672733307,0.22469499707221985,,,,,,
0,337.0,50.599998474121094,342,3881.89208984375,3888.64208984375,3715.1728515625,8.859066009521484,3.801802396774292,0.032970599830150604,0.03413301333785057,0.04026539623737335,0.6024209856987,0.6785297989845276,0.6425785422325134,0.2136751413345337,0.21858598291873932,0.2384524941444397,,,,,,,,,,,,,,,,,,,,,,,,,,,,,,,,
1,,,349,,,,,,,,,,,,,,,9.999999747378752e-05,9.999999747378752e-05,3.232564267818816e-06,,,,,,,,,,,,,,,,,,,,,,,,,,,,,
1,,,399,,,,,,,,,,,,,,,9.999999747378752e-05,9.999999747378752e-05,3.232564267818816e-06,,,,,,,,,,,,,,,,,,,,,,,,,,,,,
1,,,449,,,,,,,,,,,,,,,9.999999747378752e-05,9.999999747378752e-05,3.232564267818816e-06,,,,,,,,,,,,,,,,,,,,,,,,,,,,,
1,,,499,,,,,,,,,,,,,,,9.999999747378752e-05,9.999999747378752e-05,3.232564267818816e-06,,,,,,,,,,,,,,,,,,,,,,,,,,,,,
1,,,549,,,,,,,,,,,,,,,9.999999747378752e-05,9.999999747378752e-05,3.232564267818816e-06,,,,,,,,,,,,,,,,,,,,,,,,,,,,,
1,,,599,,,,,,,,,,,,,,,9.999999747378752e-05,9.999999747378752e-05,3.232564267818816e-06,,,,,,,,,,,,,,,,,,,,,,,,,,,,,
1,,,649,,,,,,,,,,,,,,,9.999999747378752e-05,9.999999747378752e-05,3.232564267818816e-06,,,,,,,,,,,,,,,,,,,,,,,,,,,,,
1,,,685,,,,,,,,,,,,,,,,,,0.5119867324829102,0.6099705100059509,0.46045681834220886,0.5760641694068909,0.6850823163986206,0.863406777381897,297.76251220703125,297.8612365722656,297.9312438964844,0.738120436668396,0.8688725233078003,0.5879239439964294,0.6774515509605408,3.304572820663452,0.03449828922748566,0.03509930521249771,0.049869637936353683,0.47197577357292175,0.4916518032550812,0.5611874461174011,0.18185164034366608,0.18206733465194702,0.22729210555553436,0.8584521412849426,0.5687121152877808,0.6733083724975586,0.6505640149116516,0.9292840957641602,0.8116892576217651
1,389.0,48.400001525878906,685,3886.196533203125,3891.44970703125,3694.68359375,4.720458030700684,3.4769091606140137,0.031958870589733124,0.033111151307821274,0.0394769124686718,0.5151476860046387,0.5798000693321228,0.5571993589401245,0.20750591158866882,0.21155768632888794,0.23194852471351624,,,,,,,,,,,,,,,,,,,,,,,,,,,,,,,,
2,,,699,,,,,,,,,,,,,,,9.999999747378752e-05,9.999999747378752e-05,3.232564267818816e-06,,,,,,,,,,,,,,,,,,,,,,,,,,,,,
2,,,749,,,,,,,,,,,,,,,9.999999747378752e-05,9.999999747378752e-05,3.232564267818816e-06,,,,,,,,,,,,,,,,,,,,,,,,,,,,,
2,,,799,,,,,,,,,,,,,,,9.999999747378752e-05,9.999999747378752e-05,3.232564267818816e-06,,,,,,,,,,,,,,,,,,,,,,,,,,,,,
2,,,849,,,,,,,,,,,,,,,9.999999747378752e-05,9.999999747378752e-05,3.232564267818816e-06,,,,,,,,,,,,,,,,,,,,,,,,,,,,,
2,,,899,,,,,,,,,,,,,,,9.999999747378752e-05,9.999999747378752e-05,3.232564267818816e-06,,,,,,,,,,,,,,,,,,,,,,,,,,,,,
2,,,949,,,,,,,,,,,,,,,9.999999747378752e-05,9.999999747378752e-05,3.232564267818816e-06,,,,,,,,,,,,,,,,,,,,,,,,,,,,,
2,,,999,,,,,,,,,,,,,,,9.999999747378752e-05,9.999999747378752e-05,3.232564267818816e-06,,,,,,,,,,,,,,,,,,,,,,,,,,,,,
2,,,1028,,,,,,,,,,,,,,,,,,,,,,,,297.7550048828125,297.7762451171875,297.9312438964844,0.982026219367981,,,,3.2294039726257324,0.033150188624858856,0.03343966603279114,0.04587463289499283,0.47216564416885376,0.48983556032180786,0.5244468450546265,0.18609966337680817,0.18843528628349304,0.21578238904476166,,,,,,
2,361.3999938964844,42.29999923706055,1028,3886.763916015625,3892.98095703125,3715.02197265625,3.7844626903533936,3.3628880977630615,0.03037521429359913,0.031568288803100586,0.0379914715886116,0.49967172741889954,0.5614296197891235,0.5448067784309387,0.1991899162530899,0.20417752861976624,0.22528429329395294,,,,,,,,,,,,,,,,,,,,,,,,,,,,,,,,
3,,,1049,,,,,,,,,,,,,,,9.999999747378752e-05,9.999999747378752e-05,3.232564267818816e-06,,,,,,,,,,,,,,,,,,,,,,,,,,,,,
3,,,1099,,,,,,,,,,,,,,,9.999999747378752e-05,9.999999747378752e-05,3.232564267818816e-06,,,,,,,,,,,,,,,,,,,,,,,,,,,,,
3,,,1149,,,,,,,,,,,,,,,9.999999747378752e-05,9.999999747378752e-05,3.232564267818816e-06,,,,,,,,,,,,,,,,,,,,,,,,,,,,,
3,,,1199,,,,,,,,,,,,,,,9.999999747378752e-05,9.999999747378752e-05,3.232564267818816e-06,,,,,,,,,,,,,,,,,,,,,,,,,,,,,
3,,,1249,,,,,,,,,,,,,,,9.999999747378752e-05,9.999999747378752e-05,3.232564267818816e-06,,,,,,,,,,,,,,,,,,,,,,,,,,,,,
3,,,1299,,,,,,,,,,,,,,,9.999999747378752e-05,9.999999747378752e-05,3.232564267818816e-06,,,,,,,,,,,,,,,,,,,,,,,,,,,,,
3,,,1349,,,,,,,,,,,,,,,9.999999747378752e-05,9.999999747378752e-05,3.232564267818816e-06,,,,,,,,,,,,,,,,,,,,,,,,,,,,,
3,,,1371,,,,,,,,,,,,,,,,,,0.5501958727836609,0.6087782979011536,0.45764148235321045,0.6120653748512268,0.713799238204956,0.8776149153709412,297.1824951171875,297.7950134277344,297.9312438964844,0.6408981084823608,0.8659115433692932,0.5969497561454773,0.6813627481460571,3.125547409057617,0.030751438811421394,0.031415704637765884,0.043534617871046066,0.45607009530067444,0.4732680022716522,0.5270154476165771,0.17782220244407654,0.17917130887508392,0.2133488804101944,0.8618900775909424,0.5884960293769836,0.690614640712738,0.6761655807495117,0.9593734741210938,0.8183696269989014
3,393.1000061035156,37.0,1371,3889.6123046875,3893.465087890625,3736.9970703125,3.580817937850952,3.320563316345215,0.029613077640533447,0.030779534950852394,0.037800636142492294,0.4903607964515686,0.5504814386367798,0.5379067659378052,0.19855648279190063,0.20232200622558594,0.22454649209976196,,,,,,,,,,,,,,,,,,,,,,,,,,,,,,,,
4,,,1399,,,,,,,,,,,,,,,9.999999747378752e-05,9.999999747378752e-05,3.232564267818816e-06,,,,,,,,,,,,,,,,,,,,,,,,,,,,,
4,,,1449,,,,,,,,,,,,,,,9.999999747378752e-05,9.999999747378752e-05,3.232564267818816e-06,,,,,,,,,,,,,,,,,,,,,,,,,,,,,
4,,,1499,,,,,,,,,,,,,,,9.999999747378752e-05,9.999999747378752e-05,3.232564267818816e-06,,,,,,,,,,,,,,,,,,,,,,,,,,,,,
4,,,1549,,,,,,,,,,,,,,,9.999999747378752e-05,9.999999747378752e-05,3.232564267818816e-06,,,,,,,,,,,,,,,,,,,,,,,,,,,,,
4,,,1599,,,,,,,,,,,,,,,9.999999747378752e-05,9.999999747378752e-05,3.232564267818816e-06,,,,,,,,,,,,,,,,,,,,,,,,,,,,,
4,,,1649,,,,,,,,,,,,,,,9.999999747378752e-05,9.999999747378752e-05,3.232564267818816e-06,,,,,,,,,,,,,,,,,,,,,,,,,,,,,
4,,,1699,,,,,,,,,,,,,,,9.999999747378752e-05,9.999999747378752e-05,3.232564267818816e-06,,,,,,,,,,,,,,,,,,,,,,,,,,,,,
4,,,1714,,,,,,,,,,,,,,,,,,,,,,,,297.760009765625,297.7362365722656,297.9312438964844,0.7103425860404968,,,,3.190382719039917,0.03309902548789978,0.03306301310658455,0.04282612353563309,0.4687146246433258,0.48467227816581726,0.5325495004653931,0.18484939634799957,0.18466466665267944,0.21023836731910706,,,,,,
4,399.20001220703125,31.299999237060547,1714,3888.04736328125,3892.88232421875,3675.287109375,3.639617443084717,3.329913377761841,0.029681887477636337,0.031004833057522774,0.03762517496943474,0.49041640758514404,0.5555487275123596,0.5379807353019714,0.19930416345596313,0.20379385352134705,0.22410650551319122,,,,,,,,,,,,,,,,,,,,,,,,,,,,,,,,
5,,,1749,,,,,,,,,,,,,,,9.999999747378752e-05,9.999999747378752e-05,3.232564267818816e-06,,,,,,,,,,,,,,,,,,,,,,,,,,,,,
5,,,1799,,,,,,,,,,,,,,,9.999999747378752e-05,9.999999747378752e-05,3.232564267818816e-06,,,,,,,,,,,,,,,,,,,,,,,,,,,,,
5,,,1849,,,,,,,,,,,,,,,9.999999747378752e-05,9.999999747378752e-05,3.232564267818816e-06,,,,,,,,,,,,,,,,,,,,,,,,,,,,,
5,,,1899,,,,,,,,,,,,,,,9.999999747378752e-05,9.999999747378752e-05,3.232564267818816e-06,,,,,,,,,,,,,,,,,,,,,,,,,,,,,
5,,,1949,,,,,,,,,,,,,,,9.999999747378752e-05,9.999999747378752e-05,3.232564267818816e-06,,,,,,,,,,,,,,,,,,,,,,,,,,,,,
5,,,1999,,,,,,,,,,,,,,,9.999999747378752e-05,9.999999747378752e-05,3.232564267818816e-06,,,,,,,,,,,,,,,,,,,,,,,,,,,,,
5,,,2049,,,,,,,,,,,,,,,9.999999747378752e-05,9.999999747378752e-05,3.232564267818816e-06,,,,,,,,,,,,,,,,,,,,,,,,,,,,,
5,,,2057,,,,,,,,,,,,,,,,,,0.5366988182067871,0.6115419268608093,0.44252532720565796,0.5663573145866394,0.6884887218475342,0.8651326894760132,297.6737365722656,297.8037414550781,297.9312438964844,0.5996567010879517,0.869235634803772,0.5896119475364685,0.6767572164535522,3.1551764011383057,0.03363532945513725,0.03404339402914047,0.044056523591279984,0.46188119053840637,0.4766535460948944,0.5158400535583496,0.1815701276063919,0.18507133424282074,0.20442138612270355,0.8603917360305786,0.5691224336624146,0.6753237843513489,0.6704584360122681,0.9145998954772949,0.8236292600631714
5,448.8999938964844,25.899999618530273,2057,3883.259521484375,3892.704833984375,3718.34912109375,3.113499879837036,3.249828815460205,0.029080454260110855,0.030151870101690292,0.03699065372347832,0.4801982343196869,0.5442489385604858,0.5324617028236389,0.19221974909305573,0.19655302166938782,0.21712814271450043,,,,,,,,,,,,,,,,,,,,,,,,,,,,,,,,
6,,,2099,,,,,,,,,,,,,,,9.999999747378752e-05,9.999999747378752e-05,3.232564267818816e-06,,,,,,,,,,,,,,,,,,,,,,,,,,,,,
6,,,2149,,,,,,,,,,,,,,,9.999999747378752e-05,9.999999747378752e-05,3.232564267818816e-06,,,,,,,,,,,,,,,,,,,,,,,,,,,,,
6,,,2199,,,,,,,,,,,,,,,9.999999747378752e-05,9.999999747378752e-05,3.232564267818816e-06,,,,,,,,,,,,,,,,,,,,,,,,,,,,,
6,,,2249,,,,,,,,,,,,,,,9.999999747378752e-05,9.999999747378752e-05,3.232564267818816e-06,,,,,,,,,,,,,,,,,,,,,,,,,,,,,
6,,,2299,,,,,,,,,,,,,,,9.999999747378752e-05,9.999999747378752e-05,3.232564267818816e-06,,,,,,,,,,,,,,,,,,,,,,,,,,,,,
6,,,2349,,,,,,,,,,,,,,,9.999999747378752e-05,9.999999747378752e-05,3.232564267818816e-06,,,,,,,,,,,,,,,,,,,,,,,,,,,,,
6,,,2399,,,,,,,,,,,,,,,9.999999747378752e-05,9.999999747378752e-05,3.232564267818816e-06,,,,,,,,,,,,,,,,,,,,,,,,,,,,,
6,,,2400,,,,,,,,,,,,,,,,,,,,,,,,297.90374755859375,297.8450012207031,297.9312438964844,0.8704899549484253,,,,3.285628318786621,0.034800514578819275,0.034997180104255676,0.04668118804693222,0.4754598140716553,0.48806944489479065,0.5382494926452637,0.19138261675834656,0.19047367572784424,0.21887172758579254,,,,,,
6,388.3999938964844,19.399999618530273,2400,3887.30029296875,3893.016845703125,3726.352783203125,3.2245516777038574,3.25175142288208,0.02881660684943199,0.02998448722064495,0.03726331144571304,0.4799293875694275,0.5415815114974976,0.531947910785675,0.192870631814003,0.19696883857250214,0.21914537250995636,,,,,,,,,,,,,,,,,,,,,,,,,,,,,,,,
7,,,2449,,,,,,,,,,,,,,,9.999999747378752e-05,9.999999747378752e-05,3.232564267818816e-06,,,,,,,,,,,,,,,,,,,,,,,,,,,,,
7,,,2499,,,,,,,,,,,,,,,9.999999747378752e-05,9.999999747378752e-05,3.232564267818816e-06,,,,,,,,,,,,,,,,,,,,,,,,,,,,,
7,,,2549,,,,,,,,,,,,,,,9.999999747378752e-05,9.999999747378752e-05,3.232564267818816e-06,,,,,,,,,,,,,,,,,,,,,,,,,,,,,
7,,,2599,,,,,,,,,,,,,,,9.999999747378752e-05,9.999999747378752e-05,3.232564267818816e-06,,,,,,,,,,,,,,,,,,,,,,,,,,,,,
7,,,2649,,,,,,,,,,,,,,,9.999999747378752e-05,9.999999747378752e-05,3.232564267818816e-06,,,,,,,,,,,,,,,,,,,,,,,,,,,,,
7,,,2699,,,,,,,,,,,,,,,9.999999747378752e-05,9.999999747378752e-05,3.232564267818816e-06,,,,,,,,,,,,,,,,,,,,,,,,,,,,,
7,,,2743,,,,,,,,,,,,,,,,,,0.5099897980690002,0.5553892850875854,0.3952353894710541,0.6384097933769226,0.6822558641433716,0.8810691237449646,297.7950134277344,297.6524963378906,297.9312438964844,0.9703965783119202,0.8772231936454773,0.5986499786376953,0.677686870098114,3.277679204940796,0.034889861941337585,0.03498459234833717,0.04216643422842026,0.47884371876716614,0.48911339044570923,0.5345249176025391,0.19555091857910156,0.193847194314003,0.21809828281402588,0.8702075481414795,0.5562559962272644,0.6144654750823975,0.6532179713249207,0.9529884457588196,0.8258440494537354
7,285.1000061035156,12.5,2743,3889.784912109375,3893.8232421875,3702.732421875,2.950507879257202,3.2203750610351562,0.02838999778032303,0.02958415262401104,0.03652883321046829,0.4748629033565521,0.5350014567375183,0.5254934430122375,0.1922047734260559,0.19663535058498383,0.21741145849227905,,,,,,,,,,,,,,,,,,,,,,,,,,,,,,,,
8,,,2749,,,,,,,,,,,,,,,9.999999747378752e-05,9.999999747378752e-05,3.232564267818816e-06,,,,,,,,,,,,,,,,,,,,,,,,,,,,,
8,,,2799,,,,,,,,,,,,,,,9.999999747378752e-05,9.999999747378752e-05,3.232564267818816e-06,,,,,,,,,,,,,,,,,,,,,,,,,,,,,
8,,,2849,,,,,,,,,,,,,,,9.999999747378752e-05,9.999999747378752e-05,3.232564267818816e-06,,,,,,,,,,,,,,,,,,,,,,,,,,,,,
8,,,2899,,,,,,,,,,,,,,,9.999999747378752e-05,9.999999747378752e-05,3.232564267818816e-06,,,,,,,,,,,,,,,,,,,,,,,,,,,,,
8,,,2949,,,,,,,,,,,,,,,9.999999747378752e-05,9.999999747378752e-05,3.232564267818816e-06,,,,,,,,,,,,,,,,,,,,,,,,,,,,,
8,,,2999,,,,,,,,,,,,,,,9.999999747378752e-05,9.999999747378752e-05,3.232564267818816e-06,,,,,,,,,,,,,,,,,,,,,,,,,,,,,
8,,,3049,,,,,,,,,,,,,,,9.999999747378752e-05,9.999999747378752e-05,3.232564267818816e-06,,,,,,,,,,,,,,,,,,,,,,,,,,,,,
8,,,3086,,,,,,,,,,,,,,,,,,,,,,,,297.7537536621094,297.8787536621094,297.9312438964844,0.7755436897277832,,,,3.295900344848633,0.03465775400400162,0.035115789622068405,0.04463597759604454,0.48212143778800964,0.49687230587005615,0.545969545841217,0.18907923996448517,0.19316764175891876,0.21719743311405182,,,,,,
8,262.5,6.0,3086,3887.5859375,3893.9423828125,3712.151123046875,3.046163320541382,3.210118532180786,0.028064297512173653,0.029445704072713852,0.03677660599350929,0.4732133150100708,0.5325462818145752,0.5254889130592346,0.1903057098388672,0.19535087049007416,0.21806104481220245,,,,,,,,,,,,,,,,,,,,,,,,,,,,,,,,
9,,,3099,,,,,,,,,,,,,,,9.999999747378752e-05,9.999999747378752e-05,3.232564267818816e-06,,,,,,,,,,,,,,,,,,,,,,,,,,,,,
9,,,3149,,,,,,,,,,,,,,,9.999999747378752e-05,9.999999747378752e-05,3.232564267818816e-06,,,,,,,,,,,,,,,,,,,,,,,,,,,,,
9,,,3199,,,,,,,,,,,,,,,9.999999747378752e-05,9.999999747378752e-05,3.232564267818816e-06,,,,,,,,,,,,,,,,,,,,,,,,,,,,,
9,,,3249,,,,,,,,,,,,,,,9.999999747378752e-05,9.999999747378752e-05,3.232564267818816e-06,,,,,,,,,,,,,,,,,,,,,,,,,,,,,
9,,,3299,,,,,,,,,,,,,,,9.999999747378752e-05,9.999999747378752e-05,3.232564267818816e-06,,,,,,,,,,,,,,,,,,,,,,,,,,,,,
9,,,3349,,,,,,,,,,,,,,,9.999999747378752e-05,9.999999747378752e-05,3.232564267818816e-06,,,,,,,,,,,,,,,,,,,,,,,,,,,,,
9,,,3399,,,,,,,,,,,,,,,9.999999747378752e-05,9.999999747378752e-05,3.232564267818816e-06,,,,,,,,,,,,,,,,,,,,,,,,,,,,,
9,,,3429,,,,,,,,,,,,,,,,,,0.5178236365318298,0.6393904685974121,0.43434926867485046,0.6408388614654541,0.6593273878097534,0.8835654258728027,297.71875,297.84625244140625,297.9312438964844,0.9950648546218872,0.8704750537872314,0.596176266670227,0.6883561015129089,3.1258351802825928,0.03297377750277519,0.03397320583462715,0.04274861514568329,0.46696555614471436,0.481663316488266,0.5176230072975159,0.17329531908035278,0.17837080359458923,0.20388662815093994,0.864996075630188,0.5783459544181824,0.6822282671928406,0.6760021448135376,0.9143590927124023,0.8582198619842529
9,280.0,0.0,3429,3889.608154296875,3892.603515625,3723.339599609375,2.774909019470215,3.134442090988159,0.027231592684984207,0.028429729864001274,0.035490140318870544,0.4646824896335602,0.522786557674408,0.5170701742172241,0.18540824949741364,0.18993371725082397,0.21173031628131866,,,,,,,,,,,,,,,,,,,,,,,,,,,,,,,,
