epoch,step,train/cardinality_error,train/cardinality_error_0,train/cardinality_error_enc,train/class_error,train/loss,train/loss_bbox,train/loss_bbox_0,train/loss_bbox_enc,train/loss_ce,train/loss_ce_0,train/loss_ce_enc,train/loss_giou,train/loss_giou_0,train/loss_giou_enc,train/lr,train/lr_max,train/lr_min,val/AP/fire,val/AP/smoke,val/F1,val/cardinality_error,val/cardinality_error_0,val/cardinality_error_enc,val/class_error,val/ema_mAP_50,val/ema_mAP_50_95,val/ema_mAR,val/loss,val/loss_bbox,val/loss_bbox_0,val/loss_bbox_enc,val/loss_ce,val/loss_ce_0,val/loss_ce_enc,val/loss_giou,val/loss_giou_0,val/loss_giou_enc,val/mAP_50,val/mAP_50_95,val/mAP_75,val/mAR,val/precision,val/recall
16,49,,,,,,,,,,,,,,,9.999999747378752e-05,9.999999747378752e-05,3.232564267818816e-06,,,,,,,,,,,,,,,,,,,,,,,,,,
16,99,,,,,,,,,,,,,,,9.999999747378752e-05,9.999999747378752e-05,3.232564267818816e-06,,,,,,,,,,,,,,,,,,,,,,,,,,
16,149,,,,,,,,,,,,,,,9.999999747378752e-05,9.999999747378752e-05,3.232564267818816e-06,,,,,,,,,,,,,,,,,,,,,,,,,,
16,199,,,,,,,,,,,,,,,9.999999747378752e-05,9.999999747378752e-05,3.232564267818816e-06,,,,,,,,,,,,,,,,,,,,,,,,,,
16,249,,,,,,,,,,,,,,,9.999999747378752e-05,9.999999747378752e-05,3.232564267818816e-06,,,,,,,,,,,,,,,,,,,,,,,,,,
16,299,,,,,,,,,,,,,,,9.999999747378752e-05,9.999999747378752e-05,3.232564267818816e-06,,,,,,,,,,,,,,,,,,,,,,,,,,
16,349,,,,,,,,,,,,,,,9.999999747378752e-05,9.999999747378752e-05,3.232564267818816e-06,,,,,,,,,,,,,,,,,,,,,,,,,,
16,399,,,,,,,,,,,,,,,9.999999747378752e-05,9.999999747378752e-05,3.232564267818816e-06,,,,,,,,,,,,,,,,,,,,,,,,,,
16,449,,,,,,,,,,,,,,,9.999999747378752e-05,9.999999747378752e-05,3.232564267818816e-06,,,,,,,,,,,,,,,,,,,,,,,,,,
16,499,,,,,,,,,,,,,,,9.999999747378752e-05,9.999999747378752e-05,3.232564267818816e-06,,,,,,,,,,,,,,,,,,,,,,,,,,
16,549,,,,,,,,,,,,,,,9.999999747378752e-05,9.999999747378752e-05,3.232564267818816e-06,,,,,,,,,,,,,,,,,,,,,,,,,,
16,599,,,,,,,,,,,,,,,9.999999747378752e-05,9.999999747378752e-05,3.232564267818816e-06,,,,,,,,,,,,,,,,,,,,,,,,,,
16,649,,,,,,,,,,,,,,,9.999999747378752e-05,9.999999747378752e-05,3.232564267818816e-06,,,,,,,,,,,,,,,,,,,,,,,,,,
16,699,,,,,,,,,,,,,,,9.999999747378752e-05,9.999999747378752e-05,3.232564267818816e-06,,,,,,,,,,,,,,,,,,,,,,,,,,
16,699,,,,,,,,,,,,,,,,,,0.3879084885120392,0.5384829044342041,0.7899878025054932,297.864990234375,297.864990234375,297.864990234375,0.1538461297750473,0.8305171132087708,0.4712289273738861,0.6393346786499023,4.639907360076904,0.056937698274850845,0.055304206907749176,0.06706663221120834,0.6902899146080017,0.7222687005996704,0.7236691117286682,0.2616068720817566,0.26233240962028503,0.27962881326675415,0.8261720538139343,0.46319568157196045,0.4371926486492157,0.6190311908721924,0.7916271090507507,0.793349027633667
16,699,3898.01025390625,3898.138916015625,3709.96044921875,0.7706372141838074,4.467931270599365,0.05738496407866478,0.057806871831417084,0.06784327328205109,0.676527738571167,0.706221342086792,0.7110884189605713,0.23535121977329254,0.2383270114660263,0.255780428647995,,,,,,,,,,,,,,,,,,,,,,,,,,,,,
17,749,,,,,,,,,,,,,,,9.999999747378752e-05,9.999999747378752e-05,3.232564267818816e-06,,,,,,,,,,,,,,,,,,,,,,,,,,
17,799,,,,,,,,,,,,,,,9.999999747378752e-05,9.999999747378752e-05,3.232564267818816e-06,,,,,,,,,,,,,,,,,,,,,,,,,,
17,849,,,,,,,,,,,,,,,9.999999747378752e-05,9.999999747378752e-05,3.232564267818816e-06,,,,,,,,,,,,,,,,,,,,,,,,,,
17,899,,,,,,,,,,,,,,,9.999999747378752e-05,9.999999747378752e-05,3.232564267818816e-06,,,,,,,,,,,,,,,,,,,,,,,,,,
17,949,,,,,,,,,,,,,,,9.999999747378752e-05,9.999999747378752e-05,3.232564267818816e-06,,,,,,,,,,,,,,,,,,,,,,,,,,
17,999,,,,,,,,,,,,,,,9.999999747378752e-05,9.999999747378752e-05,3.232564267818816e-06,,,,,,,,,,,,,,,,,,,,,,,,,,
17,1049,,,,,,,,,,,,,,,9.999999747378752e-05,9.999999747378752e-05,3.232564267818816e-06,,,,,,,,,,,,,,,,,,,,,,,,,,
17,1099,,,,,,,,,,,,,,,9.999999747378752e-05,9.999999747378752e-05,3.232564267818816e-06,,,,,,,,,,,,,,,,,,,,,,,,,,
17,1149,,,,,,,,,,,,,,,9.999999747378752e-05,9.999999747378752e-05,3.232564267818816e-06,,,,,,,,,,,,,,,,,,,,,,,,,,
17,1199,,,,,,,,,,,,,,,9.999999747378752e-05,9.999999747378752e-05,3.232564267818816e-06,,,,,,,,,,,,,,,,,,,,,,,,,,
17,1249,,,,,,,,,,,,,,,9.999999747378752e-05,9.999999747378752e-05,3.232564267818816e-06,,,,,,,,,,,,,,,,,,,,,,,,,,
17,1299,,,,,,,,,,,,,,,9.999999747378752e-05,9.999999747378752e-05,3.232564267818816e-06,,,,,,,,,,,,,,,,,,,,,,,,,,
17,1349,,,,,,,,,,,,,,,9.999999747378752e-05,9.999999747378752e-05,3.232564267818816e-06,,,,,,,,,,,,,,,,,,,,,,,,,,
17,1399,,,,,,,,,,,,,,,9.999999747378752e-05,9.999999747378752e-05,3.232564267818816e-06,,,,,,,,,,,,,,,,,,,,,,,,,,
17,1399,,,,,,,,,,,,,,,,,,0.38235658407211304,0.5381473898887634,0.8032723069190979,297.864990234375,297.864990234375,297.864990234375,0.3686276376247406,0.8420001268386841,0.4787977337837219,0.6352482438087463,4.568614959716797,0.05508865788578987,0.05406594276428223,0.06748618930578232,0.6890402436256409,0.7052862048149109,0.7104328274726868,0.2554447054862976,0.25637128949165344,0.2785094678401947,0.8354617357254028,0.46025198698043823,0.46349209547042847,0.6285539865493774,0.8574613928794861,0.7559565901756287
17,1399,3898.1767578125,3898.288330078125,3719.9482421875,0.8726043701171875,4.40250301361084,0.056900013238191605,0.057698991149663925,0.06761332601308823,0.6705799698829651,0.6958311796188354,0.6972917914390564,0.22974848747253418,0.23340348899364471,0.250715047121048,,,,,,,,,,,,,,,,,,,,,,,,,,,,,
18,1449,,,,,,,,,,,,,,,9.999999747378752e-05,9.999999747378752e-05,3.232564267818816e-06,,,,,,,,,,,,,,,,,,,,,,,,,,
18,1499,,,,,,,,,,,,,,,9.999999747378752e-05,9.999999747378752e-05,3.232564267818816e-06,,,,,,,,,,,,,,,,,,,,,,,,,,
18,1549,,,,,,,,,,,,,,,9.999999747378752e-05,9.999999747378752e-05,3.232564267818816e-06,,,,,,,,,,,,,,,,,,,,,,,,,,
18,1599,,,,,,,,,,,,,,,9.999999747378752e-05,9.999999747378752e-05,3.232564267818816e-06,,,,,,,,,,,,,,,,,,,,,,,,,,
18,1649,,,,,,,,,,,,,,,9.999999747378752e-05,9.999999747378752e-05,3.232564267818816e-06,,,,,,,,,,,,,,,,,,,,,,,,,,
18,1699,,,,,,,,,,,,,,,9.999999747378752e-05,9.999999747378752e-05,3.232564267818816e-06,,,,,,,,,,,,,,,,,,,,,,,,,,
18,1749,,,,,,,,,,,,,,,9.999999747378752e-05,9.999999747378752e-05,3.232564267818816e-06,,,,,,,,,,,,,,,,,,,,,,,,,,
18,1799,,,,,,,,,,,,,,,9.999999747378752e-05,9.999999747378752e-05,3.232564267818816e-06,,,,,,,,,,,,,,,,,,,,,,,,,,
18,1849,,,,,,,,,,,,,,,9.999999747378752e-05,9.999999747378752e-05,3.232564267818816e-06,,,,,,,,,,,,,,,,,,,,,,,,,,
18,1899,,,,,,,,,,,,,,,9.999999747378752e-05,9.999999747378752e-05,3.232564267818816e-06,,,,,,,,,,,,,,,,,,,,,,,,,,
18,1949,,,,,,,,,,,,,,,9.999999747378752e-05,9.999999747378752e-05,3.232564267818816e-06,,,,,,,,,,,,,,,,,,,,,,,,,,
18,1999,,,,,,,,,,,,,,,9.999999747378752e-05,9.999999747378752e-05,3.232564267818816e-06,,,,,,,,,,,,,,,,,,,,,,,,,,
18,2049,,,,,,,,,,,,,,,9.999999747378752e-05,9.999999747378752e-05,3.232564267818816e-06,,,,,,,,,,,,,,,,,,,,,,,,,,
18,2099,,,,,,,,,,,,,,,9.999999747378752e-05,9.999999747378752e-05,3.232564267818816e-06,,,,,,,,,,,,,,,,,,,,,,,,,,
18,2099,,,,,,,,,,,,,,,,,,0.38036277890205383,0.5304180383682251,0.7862609624862671,297.80499267578125,297.864990234375,297.8599853515625,0.0,0.831580400466919,0.47249075770378113,0.6342998743057251,4.631305694580078,0.059259019792079926,0.06008603423833847,0.06915869563817978,0.6840113997459412,0.6972789764404297,0.6939114928245544,0.2604500353336334,0.264594167470932,0.2817482352256775,0.8143225908279419,0.45539042353630066,0.4550345242023468,0.6277442574501038,0.8115737438201904,0.7625676393508911
18,2099,3897.982421875,3898.180419921875,3702.801025390625,0.8612697124481201,4.387281894683838,0.056634217500686646,0.057424191385507584,0.0679740160703659,0.6570138931274414,0.6827443838119507,0.6864134073257446,0.23332445323467255,0.23696357011795044,0.2551864981651306,,,,,,,,,,,,,,,,,,,,,,,,,,,,,
19,2149,,,,,,,,,,,,,,,9.999999747378752e-05,9.999999747378752e-05,3.232564267818816e-06,,,,,,,,,,,,,,,,,,,,,,,,,,
19,2199,,,,,,,,,,,,,,,9.999999747378752e-05,9.999999747378752e-05,3.232564267818816e-06,,,,,,,,,,,,,,,,,,,,,,,,,,
19,2249,,,,,,,,,,,,,,,9.999999747378752e-05,9.999999747378752e-05,3.232564267818816e-06,,,,,,,,,,,,,,,,,,,,,,,,,,
19,2299,,,,,,,,,,,,,,,9.999999747378752e-05,9.999999747378752e-05,3.232564267818816e-06,,,,,,,,,,,,,,,,,,,,,,,,,,
19,2349,,,,,,,,,,,,,,,9.999999747378752e-05,9.999999747378752e-05,3.232564267818816e-06,,,,,,,,,,,,,,,,,,,,,,,,,,
19,2399,,,,,,,,,,,,,,,9.999999747378752e-05,9.999999747378752e-05,3.232564267818816e-06,,,,,,,,,,,,,,,,,,,,,,,,,,
19,2449,,,,,,,,,,,,,,,9.999999747378752e-05,9.999999747378752e-05,3.232564267818816e-06,,,,,,,,,,,,,,,,,,,,,,,,,,
19,2499,,,,,,,,,,,,,,,9.999999747378752e-05,9.999999747378752e-05,3.232564267818816e-06,,,,,,,,,,,,,,,,,,,,,,,,,,
