case_id,item_no,check_point,scribe_적정성,scribe_위험수준,ans_적정성(O/X/−),ans_위험수준(상/중/하/−),ans_법령(;구분),감소_제거대체(;),감소_공학적(;),감소_관리적(;),감소_보호구(;)
T1_case_01_system_scaffold,1,작업발판·안전난간·추락방호망 설치,X,상,,,,,,,
T1_case_01_system_scaffold,2,높이 2m 이상 작업 시 안전대 착용 및 체결,X,중,,,,,,,
T1_case_01_system_scaffold,3,하부 출입통제 및 낙하물 방지조치,X,상,,,,,,,
T1_case_01_system_scaffold,4,안전모 턱끈 체결 등 보호구 착용,−,수동확인,,,,,,,
T1_case_01_system_scaffold,5,강풍·우천 등 기상 조건 확인,−,수동확인,,,,,,,
T1_case_02_formwork_shoring,1,작업발판·안전난간·추락방호망 설치,X,상,,,,,,,
T1_case_02_formwork_shoring,2,높이 2m 이상 작업 시 안전대 착용 및 체결,X,중,,,,,,,
T1_case_02_formwork_shoring,3,하부 출입통제 및 낙하물 방지조치,−,수동확인,,,,,,,
T1_case_02_formwork_shoring,4,작업 전 장비·공구 점검,−,수동확인,,,,,,,
T1_case_03_excavation_shoring,1,중장비 작업반경 출입통제 및 유도자 배치,X,상,,,,,,,
T1_case_03_excavation_shoring,2,굴착 단부 안전난간·덮개 등 추락방지,X,상,,,,,,,
T1_case_03_excavation_shoring,3,작업계획서 및 보호구 착용 확인,X,중,,,,,,,
T1_case_03_excavation_shoring,4,굴착면 기울기 준수·흙막이 지보공 설치(깊이 1m 이상),−,수동확인,,,,,,,
T1_case_03_excavation_shoring,5,지하매설물(전력·통신·가스·상수) 사전 조사,−,수동확인,,,,,,,
T1_case_03_excavation_shoring,6,지반 상태·용수·배수 점검,−,수동확인,,,,,,,
T1_case_04_steel_erection,1,작업반경 출입통제 및 신호수 배치,X,상,,,,,,,
T1_case_04_steel_erection,2,인양구(와이어·체인·섬유슬링) 정격하중·손상 점검,X,상,,,,,,,
T1_case_04_steel_erection,3,보호구 착용 및 협착 위험구간 접근금지,X,중,,,,,,,
T1_case_04_steel_erection,4,작업발판·안전난간·추락방호망 설치,X,상,,,,,,,
T1_case_04_steel_erection,5,줄걸이 결속 상태·인양 각도 확인,−,수동확인,,,,,,,
T1_case_04_steel_erection,6,운전원 자격·작업계획서 확인,−,수동확인,,,,,,,
T1_case_05_mewp_ladder,1,고소작업대 아웃트리거·정격하중·과상승 방지 확인,−,수동확인,,,,,,,
T1_case_05_mewp_ladder,2,높이 2m 이상 작업 시 안전대 착용 및 체결,X,중,,,,,,,
T1_case_05_mewp_ladder,3,작업발판·안전난간·추락방호망 설치,X,상,,,,,,,
T1_case_05_mewp_ladder,4,강풍·우천 등 기상 조건 확인,−,수동확인,,,,,,,
T1_case_06_conveyor_maint,1,기계 끼임(롤러·컨베이어·회전부),X,상,,,,,,,
T1_case_06_conveyor_maint,2,프레스/전단기 방호장치 우회,X,상,,,,,,,
T1_case_06_conveyor_maint,3,개인보호구 착용,X,중,,,,,,,
T1_case_06_conveyor_maint,4,작업장 정리정돈 및 통로 확보,−,수동확인,,,,,,,
T1_case_06_conveyor_maint,5,작업 전 장비·공구 점검,−,수동확인,,,,,,,
T1_case_07_arc_welding,1,작업 반경 내 인화성·가연물 제거 또는 차단,X,상,,,,,,,
T1_case_07_arc_welding,2,국소배기·환기 확보 및 보호구 착용,X,중,,,,,,,
T1_case_07_arc_welding,3,소화기·소화설비 비치 및 위치 확인,−,수동확인,,,,,,,
T1_case_07_arc_welding,4,화기감시인 배치(작업 중·작업 후 잔화 감시),−,수동확인,,,,,,,
T1_case_07_arc_welding,5,화기작업 허가서 발급 확인,−,수동확인,,,,,,,
T1_case_08_robot_cell,1,기계 끼임(롤러·컨베이어·회전부),X,상,,,,,,,
T1_case_08_robot_cell,2,위험구역 접근/침입,X,상,,,,,,,
T1_case_08_robot_cell,3,개인보호구 착용,X,중,,,,,,,
T1_case_08_robot_cell,4,작업 전 장비·공구 점검,−,수동확인,,,,,,,
T1_case_09_forklift_yard,1,작업반경 출입통제 및 신호수 배치,X,상,,,,,,,
T1_case_09_forklift_yard,2,위험구역 접근/침입,X,상,,,,,,,
T1_case_09_forklift_yard,3,보호구 착용 및 협착 위험구간 접근금지,X,중,,,,,,,
T1_case_09_forklift_yard,4,운전원 자격·작업계획서 확인,−,수동확인,,,,,,,
T1_case_10_injection_molding,1,기계 끼임(롤러·컨베이어·회전부),X,상,,,,,,,
T1_case_10_injection_molding,2,프레스/전단기 방호장치 우회,X,상,,,,,,,
T1_case_10_injection_molding,3,개인보호구 착용,X,중,,,,,,,
T1_case_10_injection_molding,4,작업장 정리정돈 및 통로 확보,−,수동확인,,,,,,,
T1_case_11_solvent_painting,1,작업 반경 내 인화성·가연물 제거 또는 차단,X,상,,,,,,,
T1_case_11_solvent_painting,2,유해·가연성 가스 경보,X,상,,,,,,,
T1_case_11_solvent_painting,3,국소배기·환기 확보 및 보호구 착용,X,중,,,,,,,
T1_case_11_solvent_painting,4,소화기·소화설비 비치 및 위치 확인,−,수동확인,,,,,,,
T1_case_12_loto_switchgear,1,정전·검전 및 단락접지 시행 확인,X,상,,,,,,,
T1_case_12_loto_switchgear,2,활선/근접 시 절연용 보호구·방호구 착용,X,중,,,,,,,
T1_case_12_loto_switchgear,3,잠금·표지(LOTO) 시행 및 무단투입 방지,−,수동확인,,,,,,,
T1_case_12_loto_switchgear,4,접근한계거리 유지 및 활선차·절연버킷 점검,−,수동확인,,,,,,,
T1_case_12_loto_switchgear,5,2인 1조 작업 및 감시자 배치,−,수동확인,,,,,,,
T1_case_13_tank_cleaning,1,작업 전 산소농도(18~23.5%)·유해가스 농도 측정,X,상,,,,,,,
T1_case_13_tank_cleaning,2,송기마스크 등 호흡용 보호구 착용,X,중,,,,,,,
T1_case_13_tank_cleaning,3,환기설비 가동 및 작업 중 지속 환기,−,수동확인,,,,,,,
T1_case_13_tank_cleaning,4,감시인 배치 및 외부 비상연락 체계 확인,−,수동확인,,,,,,,
T1_case_13_tank_cleaning,5,구명줄·안전대 등 구조장비 비치,−,수동확인,,,,,,,
T1_case_13_tank_cleaning,6,밀폐공간 작업허가서·출입자 명단 확인,−,수동확인,,,,,,,
T1_case_14_skylight_roof,1,작업발판·안전난간·추락방호망 설치,X,상,,,,,,,
T1_case_14_skylight_roof,2,높이 2m 이상 작업 시 안전대 착용 및 체결,X,중,,,,,,,
T1_case_14_skylight_roof,3,하부 출입통제 및 낙하물 방지조치,−,수동확인,,,,,,,
T1_case_14_skylight_roof,4,강풍·우천 등 기상 조건 확인,−,수동확인,,,,,,,
T1_case_15_dust_work,1,유해·가연성 가스 경보,X,상,,,,,,,
T1_case_15_dust_work,2,개인보호구 착용,X,중,,,,,,,
T1_case_15_dust_work,3,화재·폭발(화기·인화물),X,상,,,,,,,
T1_case_15_dust_work,4,작업장 정리정돈 및 통로 확보,−,수동확인,,,,,,,
