case_id,domain,process,r1_완전성_30,r2_추정_25,r3_대책_25,r4_법령형식_10,r5_우선순위_10,C1_핵심위험누락(true/false),C2_환각(true/false),C3_법령오인용(true/false),C4_2단계과소(true/false),코멘트
T1_case_01_system_scaffold,건설,시스템비계 설치·해체(높이 12m),,,,,,,,,,
T1_case_02_formwork_shoring,건설,거푸집·동바리 조립(층고 4.2m),,,,,,,,,,
T1_case_03_excavation_shoring,건설,굴착·흙막이 지보공(깊이 3m),,,,,,,,,,
T1_case_04_steel_erection,건설,"철골 세우기(H형강 볼트체결, 높이 9m)",,,,,,,,,,
T1_case_05_mewp_ladder,건설,고소작업대(MEWP) 배관작업(높이 6m),,,,,,,,,,
T1_case_06_conveyor_maint,제조,컨베이어 정비(롤러·벨트),,,,,,,,,,
T1_case_07_arc_welding,제조,아크용접·용단(SS400 구조물),,,,,,,,,,
T1_case_08_robot_cell,제조,산업용 로봇셀 정비·티칭,,,,,,,,,,
T1_case_09_forklift_yard,제조,지게차 하역·구내운반(2톤),,,,,,,,,,
T1_case_10_injection_molding,제조,사출성형기 작업·형체부 청소,,,,,,,,,,
T1_case_11_solvent_painting,화학,유기용제 스프레이 도장,,,,,,,,,,
T1_case_12_loto_switchgear,화학,정전작업(LOTO) 배전반 정비,,,,,,,,,,
T1_case_13_tank_cleaning,화학,저장탱크 내부 청소(밀폐공간 출입),,,,,,,,,,
T1_case_14_skylight_roof,화학,지붕 채광창 보수(높이 8m),,,,,,,,,,
T1_case_15_dust_work,화학,"분진작업(연삭·포장, 국소배기 미비)",,,,,,,,,,
