epoch,step,train/cardinality_error,train/cardinality_error_0,train/cardinality_error_enc,train/class_error,train/loss,train/loss_bbox,train/loss_bbox_0,train/loss_bbox_enc,train/loss_ce,train/loss_ce_0,train/loss_ce_enc,train/loss_giou,train/loss_giou_0,train/loss_giou_enc,train/lr,train/lr_max,train/lr_min,val/AP/forklift,val/F1,val/cardinality_error,val/cardinality_error_0,val/cardinality_error_enc,val/class_error,val/ema_mAP_50,val/ema_mAP_50_95,val/ema_mAR,val/loss,val/loss_bbox,val/loss_bbox_0,val/loss_bbox_enc,val/loss_ce,val/loss_ce_0,val/loss_ce_enc,val/loss_giou,val/loss_giou_0,val/loss_giou_enc,val/mAP_50,val/mAP_50_95,val/mAP_75,val/mAR,val/precision,val/recall
0,11,,,,,,,,,,,,,,,,,,0.12152843922376633,0.06976744532585144,2.3157894611358643,0.8947368264198303,1.0526316165924072,85.2631607055664,0.2118581235408783,0.14068825542926788,0.3052631616592407,5.582380771636963,0.056584615260362625,0.0515715517103672,0.07159063220024109,1.0867916345596313,1.0673987865447998,1.1003503799438477,0.24796423316001892,0.23063428699970245,0.23595435917377472,0.19284386932849884,0.12152843922376633,0.1396448165178299,0.33500000834465027,0.03781512752175331,0.44999998807907104
0,11,16.359375,3.7916667461395264,0.46875,98.5884017944336,6.690845489501953,0.09021403640508652,-4.764262026297037e-19,0.10693327337503433,1.060743808746338,0.3522723913192749,-9.659562076126816e-18,1.4777546901674112e-17,0.07484900206327438,0.38000941276550293,,,,,,,,,,,,,,,,,,,,,,,,,,,,
1,23,,,,,,,,,,,,,,,,,,0.0,0.0,298.9473571777344,298.9473571777344,298.9473571777344,0.0,0.0,0.0,0.0,nan,1.343288779258728,1.343288779258728,1.493695616722107,nan,nan,nan,1.7639700174331665,1.7639700174331665,1.795479416847229,0.0,0.0,0.0,0.0,0.0,0.0
1,23,-1.0696517727549343e-13,1.6990848018903076e-13,5289.4375,-3.178914482759865e-07,nan,0.7696542143821716,-2.786237786759931e-17,1.4739748387275134e-16,nan,nan,nan,9.612344290656574e-17,2.024789333343506,2.3560736179351807,,,,,,,,,,,,,,,,,,,,,,,,,,,,
2,35,,,,,,,,,,,,,,,,,,0.0,0.0,298.9473571777344,298.9473571777344,298.9473571777344,0.0,0.0,0.0,0.0,nan,1.343288779258728,1.343288779258728,1.493695616722107,nan,nan,nan,1.7639700174331665,1.7639700174331665,1.795479416847229,0.0,0.0,0.0,0.0,0.0,0.0
2,35,3898.755126953125,3086.5625,3690.755126953125,-4.76837158203125e-07,nan,0.32624736428260803,3.5062150955200195,0.9655948281288147,nan,nan,nan,1.6849679946899414,1.2953919172286987,1.7530808448791504,,,,,,,,,,,,,,,,,,,,,,,,,,,,
3,47,,,,,,,,,,,,,,,,,,0.0,0.0,298.9473571777344,298.9473571777344,298.9473571777344,0.0,0.0,0.0,0.0,nan,1.343288779258728,1.343288779258728,1.493695616722107,nan,nan,nan,1.7639700174331665,1.7639700174331665,1.795479416847229,0.0,0.0,0.0,0.0,0.0,0.0
3,47,2.2650541923845136e-13,3898.78125,-1.1439457779476025e-14,-1.5894572413799324e-07,nan,-3.819421444296635e-17,1.1916390657424927,-3.674551017047568e-17,nan,nan,nan,11.556841850280762,1.3527987023400072e-16,1.7478395700454712,,,,,,,,,,,,,,,,,,,,,,,,,,,,
4,49,,,,,,,,,,,,,,,9.999999747378752e-05,9.999999747378752e-05,3.232564267818816e-06,,,,,,,,,,,,,,,,,,,,,,,,,
4,59,,,,,,,,,,,,,,,,,,0.0,0.0,298.9473571777344,298.9473571777344,298.9473571777344,0.0,0.0,0.0,0.0,nan,1.343288779258728,1.343288779258728,1.493695616722107,nan,nan,nan,1.7639700174331665,1.7639700174331665,1.795479416847229,0.0,0.0,0.0,0.0,0.0,0.0
4,59,-1.2880298769831627e-13,1380.734375,3690.78125,0.0,nan,3.027988599967944e-17,0.4485909044742584,1.3309364318847656,nan,nan,nan,1.697684407234192,0.6338735818862915,1.7411531209945679,,,,,,,,,,,,,,,,,,,,,,,,,,,,
5,71,,,,,,,,,,,,,,,,,,0.0,0.0,298.9473571777344,298.9473571777344,298.9473571777344,0.0,0.0,0.0,0.0,nan,1.343288779258728,1.343288779258728,1.493695616722107,nan,nan,nan,1.7639700174331665,1.7639700174331665,1.795479416847229,0.0,0.0,0.0,0.0,0.0,0.0
5,71,-1.1185915068561217e-13,-1.1185915068561217e-13,3755.770751953125,1.824116676617108e-23,nan,-3.221095899201918e-17,-3.221095899201918e-17,1.0383363310084191e-16,nan,nan,nan,1.6781429052352905,-4.814738758624131e-17,1.7453123331069946,,,,,,,,,,,,,,,,,,,,,,,,,,,,
6,83,,,,,,,,,,,,,,,,,,0.0,0.0,298.9473571777344,298.9473571777344,298.9473571777344,0.0,0.0,0.0,0.0,nan,1.343288779258728,1.343288779258728,1.493695616722107,nan,nan,nan,1.7639700174331665,1.7639700174331665,1.795479416847229,0.0,0.0,0.0,0.0,0.0,0.0
6,83,9.050063216192727e-14,1705.7864990234375,3851.114501953125,3.126618445225507e-33,nan,2.950031790318496e-17,0.5459304451942444,1.292335033416748,nan,nan,nan,4.145583061165479e-17,4.9293045969517056e-17,1.7375402450561523,,,,,,,,,,,,,,,,,,,,,,,,,,,,
7,95,,,,,,,,,,,,,,,,,,0.0,0.0,298.9473571777344,298.9473571777344,298.9473571777344,0.0,0.0,0.0,0.0,nan,1.343288779258728,1.343288779258728,1.493695616722107,nan,nan,nan,1.7639700174331665,1.7639700174331665,1.795479416847229,0.0,0.0,0.0,0.0,0.0,0.0
7,95,2.1770608861666763e-13,4629.890625,2179.005126953125,4.8551828862715834e-24,nan,-2.979026786894195e-17,6.324924057323419e-17,0.49162983894348145,nan,nan,nan,-4.6996855454796405e-17,4.305131973820422e-17,0.5703991651535034,,,,,,,,,,,,,,,,,,,,,,,,,,,,
8,99,,,,,,,,,,,,,,,9.999999747378752e-05,9.999999747378752e-05,3.232564267818816e-06,,,,,,,,,,,,,,,,,,,,,,,,,
8,107,,,,,,,,,,,,,,,,,,0.0,0.0,298.9473571777344,298.9473571777344,298.9473571777344,0.0,0.0,0.0,0.0,nan,1.343288779258728,1.343288779258728,1.493695616722107,nan,nan,nan,1.7639700174331665,1.7639700174331665,1.795479416847229,0.0,0.0,0.0,0.0,0.0,0.0
8,107,3492.625,3248.96875,3786.09375,-4.76837158203125e-07,nan,1.2351053953170776,1.0304025411605835,1.3692374229431152,nan,nan,nan,1.5764504671096802,1.4717658758163452,1.7601131200790405,,,,,,,,,,,,,,,,,,,,,,,,,,,,
9,119,,,,,,,,,,,,,,,,,,0.0,0.0,298.9473571777344,298.9473571777344,298.9473571777344,0.0,0.0,0.0,0.0,nan,1.343288779258728,1.343288779258728,1.493695616722107,nan,nan,nan,1.7639700174331665,1.7639700174331665,1.795479416847229,0.0,0.0,0.0,0.0,0.0,0.0
9,119,3898.78125,1624.4478759765625,2648.921875,2.7486190021644484e-16,nan,0.7809694409370422,0.5230934023857117,1.3208664655685425,nan,nan,nan,1.7202144861221313,0.7616135478019714,1.306483507156372,,,,,,,,,,,,,,,,,,,,,,,,,,,,
10,131,,,,,,,,,,,,,,,,,,0.0,0.0,298.9473571777344,298.9473571777344,298.9473571777344,0.0,0.0,0.0,0.0,nan,1.343288779258728,1.343288779258728,1.493695616722107,nan,nan,nan,1.7639700174331665,1.7639700174331665,1.795479416847229,0.0,0.0,0.0,0.0,0.0,0.0
10,131,3898.791748046875,4386.05224609375,3625.791748046875,-1.5929755827482337e-15,nan,0.6204776167869568,-1.0241612677233429e-17,0.6917596459388733,nan,nan,nan,0.8468682169914246,-1.3359887544753168e-17,1.7524441480636597,,,,,,,,,,,,,,,,,,,,,,,,,,,,
11,143,,,,,,,,,,,,,,,,,,0.0,0.0,298.9473571777344,298.9473571777344,298.9473571777344,0.0,0.0,0.0,0.0,nan,1.343288779258728,1.343288779258728,1.493695616722107,nan,nan,nan,1.7639700174331665,1.7639700174331665,1.795479416847229,0.0,0.0,0.0,0.0,0.0,0.0
11,143,6.280549404115085e-14,1624.5260009765625,1044.0260009765625,-3.178914482759865e-07,nan,2.2415507684862155e-17,0.5281094908714294,0.4202132225036621,nan,nan,nan,2.9458723953263346e-17,0.7363078594207764,0.5079870820045471,,,,,,,,,,,,,,,,,,,,,,,,,,,,
12,149,,,,,,,,,,,,,,,9.999999747378752e-05,9.999999747378752e-05,3.232564267818816e-06,,,,,,,,,,,,,,,,,,,,,,,,,
12,155,,,,,,,,,,,,,,,,,,0.0,0.0,298.9473571777344,298.9473571777344,298.9473571777344,0.0,0.0,0.0,0.0,nan,1.343288779258728,1.343288779258728,1.493695616722107,nan,nan,nan,1.7639700174331665,1.7639700174331665,1.795479416847229,0.0,0.0,0.0,0.0,0.0,0.0
12,155,-5.99161833429035e-14,7797.65625,3851.161376953125,-1.5894572413799324e-07,nan,-3.1108952584029087e-17,-1.63520851976688e-17,1.327297329902649,nan,nan,nan,-4.485217464979342e-17,1.7771801948547363,1.7561577558517456,,,,,,,,,,,,,,,,,,,,,,,,,,,,
13,167,,,,,,,,,,,,,,,,,,0.0,0.0,298.9473571777344,298.9473571777344,298.9473571777344,0.0,0.0,0.0,0.0,nan,1.343288779258728,1.343288779258728,1.493695616722107,nan,nan,nan,1.7639700174331665,1.7639700174331665,1.795479416847229,0.0,0.0,0.0,0.0,0.0,0.0
13,167,3898.796875,1.0983152660460661e-14,2.0043443630084895e-13,-3.178914482759865e-07,nan,1.150382399559021,8.807314582290981e-18,-0.0,nan,nan,nan,7.786860572636979e-17,-3.3645159893239656e-18,0.0,,,,,,,,,,,,,,,,,,,,,,,,,,,,
14,179,,,,,,,,,,,,,,,,,,0.0,0.0,298.9473571777344,298.9473571777344,298.9473571777344,0.0,0.0,0.0,0.0,nan,1.343288779258728,1.343288779258728,1.493695616722107,nan,nan,nan,1.7639700174331665,1.7639700174331665,1.795479416847229,0.0,0.0,0.0,0.0,0.0,0.0
14,179,3.1293980536258037e-13,406.1354064941406,-9.712811609684235e-15,-4.76837158203125e-07,nan,0.07489177584648132,0.16610702872276306,1.335522174835205,nan,nan,nan,1.7053841352462769,0.20889778435230255,1.7604111433029175,,,,,,,,,,,,,,,,,,,,,,,,,,,,
15,191,,,,,,,,,,,,,,,,,,0.0,0.0,298.9473571777344,298.9473571777344,298.9473571777344,0.0,0.0,0.0,0.0,nan,1.343288779258728,1.343288779258728,1.493695616722107,nan,nan,nan,1.7639700174331665,1.7639700174331665,1.795479416847229,0.0,0.0,0.0,0.0,0.0,0.0
15,191,3898.776123046875,2030.5833740234375,2179.03125,-3.4280619590426695e-23,nan,1.127581238746643,0.5795776844024658,-3.536967720122848e-17,nan,nan,nan,1.696052074432373,0.4664022922515869,-1.508418606346997e-17,,,,,,,,,,,,,,,,,,,,,,,,,,,,
16,199,,,,,,,,,,,,,,,9.999999747378752e-05,9.999999747378752e-05,3.232564267818816e-06,,,,,,,,,,,,,,,,,,,,,,,,,
16,203,,,,,,,,,,,,,,,,,,0.0,0.0,298.9473571777344,298.9473571777344,298.9473571777344,0.0,0.0,0.0,0.0,nan,1.343288779258728,1.343288779258728,1.493695616722107,nan,nan,nan,1.7639700174331665,1.7639700174331665,1.795479416847229,0.0,0.0,0.0,0.0,0.0,0.0
16,203,3898.791748046875,324.890625,-0.0,8.365293242547114e-24,nan,0.06633289903402328,1.1735234260559082,2.7316592518908247e-17,nan,nan,nan,1.6865668296813965,0.3750584125518799,-1.054933937473964e-18,,,,,,,,,,,,,,,,,,,,,,,,,,,,
17,215,,,,,,,,,,,,,,,,,,0.0,0.0,298.9473571777344,298.9473571777344,298.9473571777344,0.0,0.0,0.0,0.0,nan,1.343288779258728,1.343288779258728,1.493695616722107,nan,nan,nan,1.7639700174331665,1.7639700174331665,1.795479416847229,0.0,0.0,0.0,0.0,0.0,0.0
17,215,3898.744873046875,2.5121492885048224e-13,3673.411376953125,-6.35782896551973e-07,nan,1.193562626838684,7.690699833810954e-17,1.7873636484146118,nan,nan,nan,1.698236346244812,1.0942555933015759e-16,1.7480636835098267,,,,,,,,,,,,,,,,,,,,,,,,,,,,
18,227,,,,,,,,,,,,,,,,,,0.0,0.0,298.9473571777344,298.9473571777344,298.9473571777344,0.0,0.0,0.0,0.0,nan,1.343288779258728,1.343288779258728,1.493695616722107,nan,nan,nan,1.7639700174331665,1.7639700174331665,1.795479416847229,0.0,0.0,0.0,0.0,0.0,0.0
18,227,649.8176879882812,2227.946533203125,1646.1302490234375,2.7486190021644484e-16,nan,-5.9354816346691656e-18,-7.311201280172446e-18,3.832198076038129e-17,nan,nan,nan,0.3241577446460724,-8.848197984066415e-18,5.0175783340731595e-17,,,,,,,,,,,,,,,,,,,,,,,,,,,,
19,239,,,,,,,,,,,,,,,,,,0.0,0.0,298.9473571777344,298.9473571777344,298.9473571777344,0.0,0.0,0.0,0.0,nan,1.343288779258728,1.343288779258728,1.493695616722107,nan,nan,nan,1.7639700174331665,1.7639700174331665,1.795479416847229,0.0,0.0,0.0,0.0,0.0,0.0
19,239,1.9740144848595653e-13,3898.770751953125,3738.4375,-1.5894572413799324e-07,nan,-3.297726903765566e-17,1.1493991613388062,1.318752408027649,nan,nan,nan,8.603736499991066e-17,1.6992782354354858,1.7595988512039185,,,,,,,,,,,,,,,,,,,,,,,,,,,,
20,249,,,,,,,,,,,,,,,9.999999747378752e-05,9.999999747378752e-05,3.232564267818816e-06,,,,,,,,,,,,,,,,,,,,,,,,,
20,251,,,,,,,,,,,,,,,,,,0.0,0.0,298.9473571777344,298.9473571777344,298.9473571777344,0.0,0.0,0.0,0.0,nan,1.343288779258728,1.343288779258728,1.493695616722107,nan,nan,nan,1.7639700174331665,1.7639700174331665,1.795479416847229,0.0,0.0,0.0,0.0,0.0,0.0
20,251,3898.822998046875,3898.822998046875,3786.15625,-1.5894572413799324e-07,nan,1.1475557088851929,1.1475557088851929,1.2938003540039062,nan,nan,nan,1.721105694770813,1.721105694770813,1.7759796380996704,,,,,,,,,,,,,,,,,,,,,,,,,,,,
21,263,,,,,,,,,,,,,,,,,,0.0,0.0,298.9473571777344,298.9473571777344,298.9473571777344,0.0,0.0,0.0,0.0,nan,1.343288779258728,1.343288779258728,1.493695616722107,nan,nan,nan,1.7639700174331665,1.7639700174331665,1.795479416847229,0.0,0.0,0.0,0.0,0.0,0.0
21,263,3898.755126953125,3898.755126953125,3673.421875,-3.178914482759865e-07,nan,0.2926665246486664,0.2926665246486664,1.3019351959228516,nan,nan,nan,1.6974598169326782,1.6974598169326782,1.7430366277694702,,,,,,,,,,,,,,,,,,,,,,,,,,,,
22,275,,,,,,,,,,,,,,,,,,0.0,0.0,298.9473571777344,298.9473571777344,298.9473571777344,0.0,0.0,0.0,0.0,nan,1.343288779258728,1.343288779258728,1.493695616722107,nan,nan,nan,1.7639700174331665,1.7639700174331665,1.795479416847229,0.0,0.0,0.0,0.0,0.0,0.0
22,275,1.8659083813091747e-14,0.0,69.30728912353516,0.0,nan,1.55592706308449e-17,inf,0.0,nan,nan,nan,9.659102494578481e-17,-1.1710364912640242e-18,0.06018996238708496,,,,,,,,,,,,,,,,,,,,,,,,,,,,
23,287,,,,,,,,,,,,,,,,,,0.0,0.0,298.9473571777344,298.9473571777344,298.9473571777344,0.0,0.0,0.0,0.0,nan,1.343288779258728,1.343288779258728,1.493695616722107,nan,nan,nan,1.7639700174331665,1.7639700174331665,1.795479416847229,0.0,0.0,0.0,0.0,0.0,0.0
23,287,-1.5017521460321953e-13,3898.755126953125,1936.21875,6.122391689478702e-24,nan,-4.51810219566751e-17,1.1796348094940186,2.7823483835197067e-17,nan,nan,nan,8.864649117524992e-17,1.6934317350387573,1.7473419904708862,,,,,,,,,,,,,,,,,,,,,,,,,,,,
24,299,,,,,,,,,,,,,,,9.999999747378752e-05,9.999999747378752e-05,3.232564267818816e-06,,,,,,,,,,,,,,,,,,,,,,,,,
24,299,,,,,,,,,,,,,,,,,,0.0,0.0,298.9473571777344,298.9473571777344,298.9473571777344,0.0,0.0,0.0,0.0,nan,1.343288779258728,1.343288779258728,1.493695616722107,nan,nan,nan,1.7639700174331665,1.7639700174331665,1.795479416847229,0.0,0.0,0.0,0.0,0.0,0.0
24,299,3898.8125,-4.576039932180018e-14,1044.015625,-3.178914482759865e-07,nan,1.2054487466812134,-4.244525773827642e-17,1.6674623489379883,nan,nan,nan,1.6991806030273438,-5.9830139142083e-17,0.4943583011627197,,,,,,,,,,,,,,,,,,,,,,,,,,,,
25,311,,,,,,,,,,,,,,,,,,0.0,0.0,298.9473571777344,298.9473571777344,298.9473571777344,0.0,0.0,0.0,0.0,nan,1.343288779258728,1.343288779258728,1.493695616722107,nan,nan,nan,1.7639700174331665,1.7639700174331665,1.795479416847229,0.0,0.0,0.0,0.0,0.0,0.0
25,311,4.444625480918944e-14,4.0001855994287183e-14,3738.432373046875,-6.35782896551973e-07,nan,1.4168869356649417e-17,0.2041519433259964,1.3178616762161255,nan,nan,nan,-1.0423745440408418e-17,0.3354739248752594,1.7372941970825195,,,,,,,,,,,,,,,,,,,,,,,,,,,,
26,323,,,,,,,,,,,,,,,,,,0.0,0.0,298.9473571777344,298.9473571777344,298.9473571777344,0.0,0.0,0.0,0.0,nan,1.343288779258728,1.343288779258728,1.493695616722107,nan,nan,nan,1.7639700174331665,1.7639700174331665,1.795479416847229,0.0,0.0,0.0,0.0,0.0,0.0
26,323,3817.583251953125,3817.583251953125,3.233502007815581e-11,-3.178914482759865e-07,nan,9.239751040771658e-17,1.1490477323532104,1.3311145305633545,nan,nan,nan,1.6719584465026855,1.668481469154358,1.757969856262207,,,,,,,,,,,,,,,,,,,,,,,,,,,,
27,335,,,,,,,,,,,,,,,,,,0.0,0.0,298.9473571777344,298.9473571777344,298.9473571777344,0.0,0.0,0.0,0.0,nan,1.343288779258728,1.343288779258728,1.493695616722107,nan,nan,nan,1.7639700174331665,1.7639700174331665,1.795479416847229,0.0,0.0,0.0,0.0,0.0,0.0
27,335,3898.765625,3898.765625,3738.432373046875,-5.3126828471406e-23,nan,14.853322982788086,1.2377768754959106,1.3864154815673828,nan,nan,nan,1.704386591911316,1.704386591911316,1.758875846862793,,,,,,,,,,,,,,,,,,,,,,,,,,,,
28,347,,,,,,,,,,,,,,,,,,0.0,0.0,298.9473571777344,298.9473571777344,298.9473571777344,0.0,0.0,0.0,0.0,nan,1.343288779258728,1.343288779258728,1.493695616722107,nan,nan,nan,1.7639700174331665,1.7639700174331665,1.795479416847229,0.0,0.0,0.0,0.0,0.0,0.0
28,347,1543.2864990234375,8.244826940314101e-14,3690.796875,-3.178914482759865e-07,nan,1.1677855253219604,8.339175023339046e-17,1.3340529203414917,nan,nan,nan,1.659653663635254,1.1851612206088266e-16,1.7196072340011597,,,,,,,,,,,,,,,,,,,,,,,,,,,,
29,349,,,,,,,,,,,,,,,9.999999747378752e-05,9.999999747378752e-05,3.232564267818816e-06,,,,,,,,,,,,,,,,,,,,,,,,,
29,359,,,,,,,,,,,,,,,,,,0.0,0.0,298.9473571777344,298.9473571777344,298.9473571777344,0.0,0.0,0.0,0.0,nan,1.343288779258728,1.343288779258728,1.493695616722107,nan,nan,nan,1.7639700174331665,1.7639700174331665,1.795479416847229,0.0,0.0,0.0,0.0,0.0,0.0
29,359,1.357406466281864e-14,4873.625,69.30208587646484,-3.178914482759865e-07,0.0,-3.1693706411377523e-17,1.5765174290077979e-18,0.08025806397199631,nan,nan,nan,-3.6499179092779836e-18,1.1759771997037728e-17,0.06873764097690582,,,,,,,,,,,,,,,,,,,,,,,,,,,,
30,371,,,,,,,,,,,,,,,,,,0.0,0.0,298.9473571777344,298.9473571777344,298.9473571777344,0.0,0.0,0.0,0.0,nan,1.343288779258728,1.343288779258728,1.493695616722107,nan,nan,nan,1.7639700174331665,1.7639700174331665,1.795479416847229,0.0,0.0,0.0,0.0,0.0,0.0
30,371,2.4676631181150266e-14,324.9166564941406,3578.145751953125,-8.104199142279153e-14,nan,1.0146199047936663e-17,0.11126800626516342,1.3340349197387695,nan,nan,nan,0.12793582677841187,0.12793582677841187,1.7255805730819702,,,,,,,,,,,,,,,,,,,,,,,,,,,,
31,383,,,,,,,,,,,,,,,,,,0.0,0.0,298.9473571777344,298.9473571777344,298.9473571777344,0.0,0.0,0.0,0.0,nan,1.343288779258728,1.343288779258728,1.493695616722107,nan,nan,nan,1.7639700174331665,1.7639700174331665,1.795479416847229,0.0,0.0,0.0,0.0,0.0,0.0
31,383,7.063197005356334e-14,3898.8125,1186.9271240234375,-2.2439395763740322e-07,nan,1.0724658966064453,1.1563482284545898,1.3149477243423462,nan,nan,nan,-2.5733757601369652e-17,1.6746355295181274,-5.3055682126506415e-17,,,,,,,,,,,,,,,,,,,,,,,,,,,,
32,395,,,,,,,,,,,,,,,,,,0.0,0.0,298.9473571777344,298.9473571777344,298.9473571777344,0.0,0.0,0.0,0.0,nan,1.343288779258728,1.343288779258728,1.493695616722107,nan,nan,nan,1.7639700174331665,1.7639700174331665,1.795479416847229,0.0,0.0,0.0,0.0,0.0,0.0
32,395,3898.791748046875,3898.791748046875,3851.125,-3.178914482759865e-07,nan,1.2561182975769043,1.2561182975769043,1.4002944231033325,nan,nan,nan,1.704068660736084,1.704068660736084,1.7538212537765503,,,,,,,,,,,,,,,,,,,,,,,,,,,,
33,399,,,,,,,,,,,,,,,9.999999747378752e-05,9.999999747378752e-05,3.232564267818816e-06,,,,,,,,,,,,,,,,,,,,,,,,,
33,407,,,,,,,,,,,,,,,,,,0.0,0.0,298.9473571777344,298.9473571777344,298.9473571777344,0.0,0.0,0.0,0.0,nan,1.343288779258728,1.343288779258728,1.493695616722107,nan,nan,nan,1.7639700174331665,1.7639700174331665,1.795479416847229,0.0,0.0,0.0,0.0,0.0,0.0
33,407,2.4045139319851978e-14,1055.90625,3465.4375,-8.854471411901e-24,nan,0.9610618948936462,0.36611154675483704,0.927082359790802,nan,nan,nan,0.5328584313392639,0.49692097306251526,1.181376338005066,,,,,,,,,,,,,,,,,,,,,,,,,,,,
34,419,,,,,,,,,,,,,,,,,,0.0,0.0,298.9473571777344,298.9473571777344,298.9473571777344,0.0,0.0,0.0,0.0,nan,1.343288779258728,1.343288779258728,1.493695616722107,nan,nan,nan,1.7639700174331665,1.7639700174331665,1.795479416847229,0.0,0.0,0.0,0.0,0.0,0.0
34,419,2.1666663688885146e-13,5848.1015625,3898.734375,-3.854411932688952e-23,nan,6.907961981209175e-17,6.434235644400056e-17,1.299009919166565,nan,nan,nan,9.553283594920288e-17,9.299979053788379e-17,1.7284502983093262,,,,,,,,,,,,,,,,,,,,,,,,,,,,
35,431,,,,,,,,,,,,,,,,,,0.0,0.0,298.9473571777344,298.9473571777344,298.9473571777344,0.0,0.0,0.0,0.0,nan,1.343288779258728,1.343288779258728,1.493695616722107,nan,nan,nan,1.7639700174331665,1.7639700174331665,1.795479416847229,0.0,0.0,0.0,0.0,0.0,0.0
35,431,3898.791748046875,3898.791748046875,3786.125,-3.178914482759865e-07,nan,1.1299188137054443,1.1299188137054443,1.280900001525879,nan,nan,nan,1.6935367584228516,1.6935367584228516,1.7514410018920898,,,,,,,,,,,,,,,,,,,,,,,,,,,,
36,443,,,,,,,,,,,,,,,,,,0.0,0.0,298.9473571777344,298.9473571777344,298.9473571777344,0.0,0.0,0.0,0.0,nan,1.343288779258728,1.343288779258728,1.493695616722107,nan,nan,nan,1.7639700174331665,1.7639700174331665,1.795479416847229,0.0,0.0,0.0,0.0,0.0,0.0
36,443,1299.5208740234375,-3.611048160251547e-14,3851.145751953125,-3.178914482759865e-07,nan,1.167569875717163,5.2987813611607665e-17,0.3375624418258667,nan,nan,nan,1.6839228868484497,-1.6502403767304387e-17,3.4474889462850265e-17,,,,,,,,,,,,,,,,,,,,,,,,,,,,
37,449,,,,,,,,,,,,,,,9.999999747378752e-05,9.999999747378752e-05,3.232564267818816e-06,,,,,,,,,,,,,,,,,,,,,,,,,
37,455,,,,,,,,,,,,,,,,,,0.0,0.0,298.9473571777344,298.9473571777344,298.9473571777344,0.0,0.0,0.0,0.0,nan,1.343288779258728,1.343288779258728,1.493695616722107,nan,nan,nan,1.7639700174331665,1.7639700174331665,1.795479416847229,0.0,0.0,0.0,0.0,0.0,0.0
37,455,9.753590486270489e-14,1.1514369373331196e-13,1468.5,-7.94728578057402e-07,nan,0.5006685853004456,3.904380834139711e-17,3.8894244160480175e-17,nan,nan,nan,0.42412516474723816,5.144269647564026e-17,inf,,,,,,,,,,,,,,,,,,,,,,,,,,,,
38,467,,,,,,,,,,,,,,,,,,0.0,0.0,298.9473571777344,298.9473571777344,298.9473571777344,0.0,0.0,0.0,0.0,nan,1.343288779258728,1.343288779258728,1.493695616722107,nan,nan,nan,1.7639700174331665,1.7639700174331665,1.795479416847229,0.0,0.0,0.0,0.0,0.0,0.0
38,467,649.8125,5.233718664075619e-14,3738.447998046875,5.2510470935773285e-24,nan,-8.764964589289491e-18,1.948864654699025e-17,15.826192855834961,nan,nan,nan,-1.0045201949505163e-17,2.3982401177635628e-17,1.7593973875045776,,,,,,,,,,,,,,,,,,,,,,,,,,,,
39,479,,,,,,,,,,,,,,,,,,0.0,0.0,298.9473571777344,298.9473571777344,298.9473571777344,0.0,0.0,0.0,0.0,nan,1.343288779258728,1.343288779258728,1.493695616722107,nan,nan,nan,1.7639700174331665,1.7639700174331665,1.795479416847229,0.0,0.0,0.0,0.0,0.0,0.0
39,479,1949.453125,-4.2800097098177545e-14,-5.3083954603978106e-14,-3.827430049831135e-23,nan,7.350295821155172e-17,-1.3210333290003581e-17,1.2121320962905884,nan,nan,nan,1.6759848594665527,-1.9765260706911657e-17,-2.4987768074661154e-17,,,,,,,,,,,,,,,,,,,,,,,,,,,,
40,491,,,,,,,,,,,,,,,,,,0.0,0.0,298.9473571777344,298.9473571777344,298.9473571777344,0.0,0.0,0.0,0.0,nan,1.343288779258728,1.343288779258728,1.493695616722107,nan,nan,nan,1.7639700174331665,1.7639700174331665,1.795479416847229,0.0,0.0,0.0,0.0,0.0,0.0
40,491,3898.739501953125,3898.739501953125,3851.072998046875,-3.178914482759865e-07,nan,1.1439212560653687,1.1439212560653687,1.3061306476593018,nan,nan,nan,1.698358416557312,1.698358416557312,1.7586795091629028,,,,,,,,,,,,,,,,,,,,,,,,,,,,
41,499,,,,,,,,,,,,,,,9.999999747378752e-05,9.999999747378752e-05,3.232564267818816e-06,,,,,,,,,,,,,,,,,,,,,,,,,
41,503,,,,,,,,,,,,,,,,,,0.0,0.0,298.9473571777344,298.9473571777344,298.9473571777344,0.0,0.0,0.0,0.0,nan,1.343288779258728,1.343288779258728,1.493695616722107,nan,nan,nan,1.7639700174331665,1.7639700174331665,1.795479416847229,0.0,0.0,0.0,0.0,0.0,0.0
41,503,3898.765625,3898.765625,3851.098876953125,0.0,nan,1.1472784280776978,1.1472784280776978,1.3039213418960571,nan,nan,nan,1.6883325576782227,1.6883325576782227,1.7490907907485962,,,,,,,,,,,,,,,,,,,,,,,,,,,,
42,515,,,,,,,,,,,,,,,,,,0.0,0.0,298.9473571777344,298.9473571777344,298.9473571777344,0.0,0.0,0.0,0.0,nan,1.343288779258728,1.343288779258728,1.493695616722107,nan,nan,nan,1.7639700174331665,1.7639700174331665,1.795479416847229,0.0,0.0,0.0,0.0,0.0,0.0
42,515,812.25,3898.729248046875,3625.729248046875,-1.5894572413799324e-07,nan,0.2850908637046814,1.1784361600875854,1.3340009450912476,nan,nan,nan,0.39707884192466736,1.6903198957443237,1.748083233833313,,,,,,,,,,,,,,,,,,,,,,,,,,,,
43,527,,,,,,,,,,,,,,,,,,0.0,0.0,298.9473571777344,298.9473571777344,298.9473571777344,0.0,0.0,0.0,0.0,nan,1.343288779258728,1.343288779258728,1.493695616722107,nan,nan,nan,1.7639700174331665,1.7639700174331665,1.795479416847229,0.0,0.0,0.0,0.0,0.0,0.0
43,527,-1.0642142278093764e-13,-1.0642142278093764e-13,3690.796875,-1.5894572413799324e-07,nan,1.1211767196655273,-3.060359816931839e-17,3.0678460597991943,nan,nan,nan,1.663354516029358,-4.540286517951692e-17,1.71280038356781,,,,,,,,,,,,,,,,,,,,,,,,,,,,
44,539,,,,,,,,,,,,,,,,,,0.0,0.0,298.9473571777344,298.9473571777344,298.9473571777344,0.0,0.0,0.0,0.0,nan,1.343288779258728,1.343288779258728,1.493695616722107,nan,nan,nan,1.7639700174331665,1.7639700174331665,1.795479416847229,0.0,0.0,0.0,0.0,0.0,0.0
44,539,1218.3853759765625,3898.791748046875,3786.125,-1.5894572413799324e-07,nan,1.1322168111801147,0.3026908338069916,1.2806493043899536,nan,nan,nan,0.5476597547531128,0.4115876853466034,1.736142635345459,,,,,,,,,,,,,,,,,,,,,,,,,,,,
45,549,,,,,,,,,,,,,,,9.999999747378752e-05,9.999999747378752e-05,3.232564267818816e-06,,,,,,,,,,,,,,,,,,,,,,,,,
45,551,,,,,,,,,,,,,,,,,,0.0,0.0,298.9473571777344,298.9473571777344,298.9473571777344,0.0,0.0,0.0,0.0,nan,1.343288779258728,1.343288779258728,1.493695616722107,nan,nan,nan,1.7639700174331665,1.7639700174331665,1.795479416847229,0.0,0.0,0.0,0.0,0.0,0.0
45,551,3898.744873046875,3898.744873046875,3560.744873046875,-3.178914482759865e-07,nan,1.1432946920394897,1.1432946920394897,1.304162621498108,nan,nan,nan,1.664690613746643,1.664690613746643,1.7342523336410522,,,,,,,,,,,,,,,,,,,,,,,,,,,,
46,563,,,,,,,,,,,,,,,,,,0.0,0.0,298.9473571777344,298.9473571777344,298.9473571777344,0.0,0.0,0.0,0.0,nan,1.343288779258728,1.343288779258728,1.493695616722107,nan,nan,nan,1.7639700174331665,1.7639700174331665,1.795479416847229,0.0,0.0,0.0,0.0,0.0,0.0
46,563,3898.776123046875,3898.776123046875,3560.776123046875,-3.178914482759865e-07,nan,1.1865676641464233,1.1865676641464233,1.3351315259933472,nan,nan,nan,1.6828688383102417,1.6828688383102417,1.7408429384231567,,,,,,,,,,,,,,,,,,,,,,,,,,,,
47,575,,,,,,,,,,,,,,,,,,0.0,0.0,298.9473571777344,298.9473571777344,298.9473571777344,0.0,0.0,0.0,0.0,nan,1.343288779258728,1.343288779258728,1.493695616722107,nan,nan,nan,1.7639700174331665,1.7639700174331665,1.795479416847229,0.0,0.0,0.0,0.0,0.0,0.0
47,575,6.334873353967471e-14,1.244468259995954e-13,1137.1666259765625,-1.5894572413799324e-07,nan,6.761737624733482e-17,1.7637135094688305e-17,0.802029550075531,nan,nan,nan,2.7431650033391923e-17,0.9790078997612,1.7382358312606812,,,,,,,,,,,,,,,,,,,,,,,,,,,,
48,587,,,,,,,,,,,,,,,,,,0.0,0.0,298.9473571777344,298.9473571777344,298.9473571777344,0.0,0.0,0.0,0.0,nan,1.343288779258728,1.343288779258728,1.493695616722107,nan,nan,nan,1.7639700174331665,1.7639700174331665,1.795479416847229,0.0,0.0,0.0,0.0,0.0,0.0
48,587,3898.78125,3898.78125,3673.447998046875,-1.5894572413799324e-07,nan,1.143743872642517,0.5467932820320129,1.283298373222351,nan,nan,nan,1.6758235692977905,0.7293140292167664,1.728824257850647,,,,,,,,,,,,,,,,,,,,,,,,,,,,
49,599,,,,,,,,,,,,,,,9.999999747378752e-05,9.999999747378752e-05,3.232564267818816e-06,,,,,,,,,,,,,,,,,,,,,,,,,
49,599,,,,,,,,,,,,,,,,,,0.0,0.0,298.9473571777344,298.9473571777344,298.9473571777344,0.0,0.0,0.0,0.0,nan,1.343288779258728,1.343288779258728,1.493695616722107,nan,nan,nan,1.7639700174331665,1.7639700174331665,1.795479416847229,0.0,0.0,0.0,0.0,0.0,0.0
49,599,-1.0253685514593006e-13,-1.371510242480006e-14,350.8802185058594,-0.0,nan,1.5998220640341065e-17,-4.1789114915342205e-18,1.302210807800293,nan,nan,nan,-9.496675324264099e-18,0.13490109145641327,13.891754150390625,,,,,,,,,,,,,,,,,,,,,,,,,,,,
