epoch,step,train/cardinality_error,train/cardinality_error_0,train/cardinality_error_enc,train/class_error,train/loss,train/loss_bbox,train/loss_bbox_0,train/loss_bbox_enc,train/loss_ce,train/loss_ce_0,train/loss_ce_enc,train/loss_giou,train/loss_giou_0,train/loss_giou_enc,train/lr,train/lr_max,train/lr_min,val/AP/forklift,val/AP/pallet_truck,val/F1,val/cardinality_error,val/cardinality_error_0,val/cardinality_error_enc,val/class_error,val/ema_mAP_50,val/ema_mAP_50_95,val/ema_mAR,val/loss,val/loss_bbox,val/loss_bbox_0,val/loss_bbox_enc,val/loss_ce,val/loss_ce_0,val/loss_ce_enc,val/loss_giou,val/loss_giou_0,val/loss_giou_enc,val/mAP_50,val/mAP_50_95,val/mAP_75,val/mAR,val/precision,val/recall
0,49,,,,,,,,,,,,,,,9.999999747378752e-05,9.999999747378752e-05,3.232564267818816e-06,,,,,,,,,,,,,,,,,,,,,,,,,,
0,99,,,,,,,,,,,,,,,9.999999747378752e-05,9.999999747378752e-05,3.232564267818816e-06,,,,,,,,,,,,,,,,,,,,,,,,,,
0,149,,,,,,,,,,,,,,,9.999999747378752e-05,9.999999747378752e-05,3.232564267818816e-06,,,,,,,,,,,,,,,,,,,,,,,,,,
0,186,,,,,,,,,,,,,,,,,,0.5967850089073181,0.15585751831531525,0.5401322841644287,297.256103515625,298.7270202636719,298.8949279785156,7.6086506843566895,0.6124973893165588,0.3867385685443878,0.6959694027900696,4.661434650421143,0.05715590715408325,0.05421474948525429,0.06183295696973801,0.7487040162086487,0.9310267567634583,1.0531785488128662,0.17156682908535004,0.1669086217880249,0.1927776038646698,0.5924464464187622,0.3763212561607361,0.39542028307914734,0.685295045375824,0.5019565224647522,0.6223229169845581
0,186,3816.323974609375,3797.515380859375,3629.655517578125,24.14241600036621,5.437899589538574,0.0655672550201416,0.060792796313762665,0.0669570341706276,1.040737509727478,1.172669768333435,1.2012033462524414,0.17274899780750275,0.16734544932842255,0.18825897574424744,,,,,,,,,,,,,,,,,,,,,,,,,,,,,
1,199,,,,,,,,,,,,,,,9.999999747378752e-05,9.999999747378752e-05,3.232564267818816e-06,,,,,,,,,,,,,,,,,,,,,,,,,,
1,249,,,,,,,,,,,,,,,9.999999747378752e-05,9.999999747378752e-05,3.232564267818816e-06,,,,,,,,,,,,,,,,,,,,,,,,,,
1,299,,,,,,,,,,,,,,,9.999999747378752e-05,9.999999747378752e-05,3.232564267818816e-06,,,,,,,,,,,,,,,,,,,,,,,,,,
1,349,,,,,,,,,,,,,,,9.999999747378752e-05,9.999999747378752e-05,3.232564267818816e-06,,,,,,,,,,,,,,,,,,,,,,,,,,
1,373,,,,,,,,,,,,,,,,,,0.7084160447120667,0.2422553449869156,0.702438473701477,297.9784240722656,298.1988830566406,299.0412902832031,5.451959133148193,0.7152310013771057,0.4831978380680084,0.7147549390792847,4.001265048980713,0.05620201304554939,0.05689103528857231,0.0784042477607727,0.5785892009735107,0.6636795997619629,0.7149433493614197,0.16765321791172028,0.16835032403469086,0.2072792500257492,0.7158119678497314,0.4753356873989105,0.5162932276725769,0.70061194896698,0.7349144816398621,0.6787696480751038
1,373,3874.1650390625,3881.293212890625,3699.315185546875,5.349885940551758,4.701054096221924,0.06571629643440247,0.06670545041561127,0.08188457041978836,0.7513346076011658,0.8886581659317017,0.9326839447021484,0.16443215310573578,0.16758506000041962,0.19640427827835083,,,,,,,,,,,,,,,,,,,,,,,,,,,,,
2,399,,,,,,,,,,,,,,,9.999999747378752e-05,9.999999747378752e-05,3.232564267818816e-06,,,,,,,,,,,,,,,,,,,,,,,,,,
2,449,,,,,,,,,,,,,,,9.999999747378752e-05,9.999999747378752e-05,3.232564267818816e-06,,,,,,,,,,,,,,,,,,,,,,,,,,
2,499,,,,,,,,,,,,,,,9.999999747378752e-05,9.999999747378752e-05,3.232564267818816e-06,,,,,,,,,,,,,,,,,,,,,,,,,,
2,549,,,,,,,,,,,,,,,9.999999747378752e-05,9.999999747378752e-05,3.232564267818816e-06,,,,,,,,,,,,,,,,,,,,,,,,,,
2,560,,,,,,,,,,,,,,,,,,0.7243396639823914,0.26687777042388916,0.7190485596656799,298.4831237792969,297.92120361328125,299.0346984863281,5.84166955947876,0.7466879487037659,0.5039756298065186,0.7163716554641724,3.7298388481140137,0.05452180653810501,0.056087493896484375,0.07557446509599686,0.5367695689201355,0.5631279349327087,0.6477010846138,0.16214336454868317,0.16491058468818665,0.1986072063446045,0.735144317150116,0.49560871720314026,0.5278403162956238,0.7155635356903076,0.7762765288352966,0.6722585558891296
2,560,3888.576904296875,3869.70849609375,3707.14599609375,5.819879055023193,4.215603351593018,0.06453798711299896,0.06715770810842514,0.09203391522169113,0.6237555146217346,0.7016217112541199,0.7495037317276001,0.1558423936367035,0.15823891758918762,0.19695523381233215,,,,,,,,,,,,,,,,,,,,,,,,,,,,,
3,599,,,,,,,,,,,,,,,9.999999747378752e-05,9.999999747378752e-05,3.232564267818816e-06,,,,,,,,,,,,,,,,,,,,,,,,,,
3,649,,,,,,,,,,,,,,,9.999999747378752e-05,9.999999747378752e-05,3.232564267818816e-06,,,,,,,,,,,,,,,,,,,,,,,,,,
3,699,,,,,,,,,,,,,,,9.999999747378752e-05,9.999999747378752e-05,3.232564267818816e-06,,,,,,,,,,,,,,,,,,,,,,,,,,
3,747,,,,,,,,,,,,,,,,,,0.7108083963394165,0.27534931898117065,0.7494162917137146,298.92681884765625,297.91839599609375,299.0318908691406,5.866204261779785,0.7704508304595947,0.521037757396698,0.7159523367881775,3.627732992172241,0.05538685992360115,0.05431352183222771,0.06860026717185974,0.5217918157577515,0.5386186838150024,0.6362669467926025,0.16607576608657837,0.16353122889995575,0.1901690512895584,0.7685469388961792,0.4930788576602936,0.5318531394004822,0.700842022895813,0.8048750758171082,0.7073670625686646
3,747,3890.45263671875,3879.563720703125,3708.38037109375,5.120578765869141,4.0505828857421875,0.06316984444856644,0.06539709120988846,0.0867343321442604,0.594846248626709,0.6576426029205322,0.6913679838180542,0.15837962925434113,0.16175875067710876,0.19497109949588776,,,,,,,,,,,,,,,,,,,,,,,,,,,,,
4,749,,,,,,,,,,,,,,,9.999999747378752e-05,9.999999747378752e-05,3.232564267818816e-06,,,,,,,,,,,,,,,,,,,,,,,,,,
4,799,,,,,,,,,,,,,,,9.999999747378752e-05,9.999999747378752e-05,3.232564267818816e-06,,,,,,,,,,,,,,,,,,,,,,,,,,
4,849,,,,,,,,,,,,,,,9.999999747378752e-05,9.999999747378752e-05,3.232564267818816e-06,,,,,,,,,,,,,,,,,,,,,,,,,,
4,899,,,,,,,,,,,,,,,9.999999747378752e-05,9.999999747378752e-05,3.232564267818816e-06,,,,,,,,,,,,,,,,,,,,,,,,,,
4,934,,,,,,,,,,,,,,,,,,0.7417479753494263,0.28886738419532776,0.7284947037696838,298.589111328125,297.91839599609375,299.0093688964844,6.290486812591553,0.790003776550293,0.5349814891815186,0.7157109379768372,3.522165536880493,0.05277738347649574,0.05418552830815315,0.07568305730819702,0.5030016899108887,0.5197426080703735,0.5839886665344238,0.15647809207439423,0.15638384222984314,0.18823932111263275,0.7759212255477905,0.5153076648712158,0.558570921421051,0.7042859196662903,0.7818166017532349,0.7094721794128418
4,934,3888.678466796875,3874.427490234375,3723.886474609375,4.112813949584961,3.798488140106201,0.05733596533536911,0.059841983020305634,0.08571465313434601,0.5478420853614807,0.6042645573616028,0.6432767510414124,0.14887592196464539,0.15296973288059235,0.19247382879257202,,,,,,,,,,,,,,,,,,,,,,,,,,,,,
