epoch,epoch_time_s,eta_min,step,train/cardinality_error,train/cardinality_error_0,train/cardinality_error_enc,train/class_error,train/loss,train/loss_bbox,train/loss_bbox_0,train/loss_bbox_enc,train/loss_ce,train/loss_ce_0,train/loss_ce_enc,train/loss_giou,train/loss_giou_0,train/loss_giou_enc,train/lr,train/lr_max,train/lr_min,val/AP/forklift,val/AP/person,val/F1,val/cardinality_error,val/cardinality_error_0,val/cardinality_error_enc,val/class_error,val/ema_mAP_50,val/ema_mAP_50_95,val/ema_mAR,val/loss,val/loss_bbox,val/loss_bbox_0,val/loss_bbox_enc,val/loss_ce,val/loss_ce_0,val/loss_ce_enc,val/loss_giou,val/loss_giou_0,val/loss_giou_enc,val/mAP_50,val/mAP_50_95,val/mAP_75,val/mAR,val/precision,val/recall
0,,,49,,,,,,,,,,,,,,,9.999999747378752e-05,9.999999747378752e-05,3.232564267818816e-06,,,,,,,,,,,,,,,,,,,,,,,,,,
0,,,99,,,,,,,,,,,,,,,9.999999747378752e-05,9.999999747378752e-05,3.232564267818816e-06,,,,,,,,,,,,,,,,,,,,,,,,,,
0,,,149,,,,,,,,,,,,,,,9.999999747378752e-05,9.999999747378752e-05,3.232564267818816e-06,,,,,,,,,,,,,,,,,,,,,,,,,,
0,,,199,,,,,,,,,,,,,,,9.999999747378752e-05,9.999999747378752e-05,3.232564267818816e-06,,,,,,,,,,,,,,,,,,,,,,,,,,
0,,,249,,,,,,,,,,,,,,,9.999999747378752e-05,9.999999747378752e-05,3.232564267818816e-06,,,,,,,,,,,,,,,,,,,,,,,,,,
0,,,299,,,,,,,,,,,,,,,9.999999747378752e-05,9.999999747378752e-05,3.232564267818816e-06,,,,,,,,,,,,,,,,,,,,,,,,,,
0,,,312,,,,,,,,,,,,,,,,,,,,,297.7325134277344,297.7337646484375,297.8287353515625,1.7436883449554443,,,,3.470627546310425,0.03186648711562157,0.033911582082509995,0.04241175577044487,0.5517781376838684,0.6066758036613464,0.6030139327049255,0.18267717957496643,0.18949760496616364,0.21193018555641174,,,,,,
0,294.6000061035156,44.20000076293945,312,3886.1357421875,3889.371826171875,3718.165283203125,10.549942016601562,3.7766125202178955,0.0327700637280941,0.03497616946697235,0.04865192994475365,0.6228668093681335,0.7177655100822449,0.7374172806739807,0.16893431544303894,0.17759720981121063,0.21175479888916016,,,,,,,,,,,,,,,,,,,,,,,,,,,,,
1,,,349,,,,,,,,,,,,,,,9.999999747378752e-05,9.999999747378752e-05,3.232564267818816e-06,,,,,,,,,,,,,,,,,,,,,,,,,,
1,,,399,,,,,,,,,,,,,,,9.999999747378752e-05,9.999999747378752e-05,3.232564267818816e-06,,,,,,,,,,,,,,,,,,,,,,,,,,
1,,,449,,,,,,,,,,,,,,,9.999999747378752e-05,9.999999747378752e-05,3.232564267818816e-06,,,,,,,,,,,,,,,,,,,,,,,,,,
1,,,499,,,,,,,,,,,,,,,9.999999747378752e-05,9.999999747378752e-05,3.232564267818816e-06,,,,,,,,,,,,,,,,,,,,,,,,,,
1,,,549,,,,,,,,,,,,,,,9.999999747378752e-05,9.999999747378752e-05,3.232564267818816e-06,,,,,,,,,,,,,,,,,,,,,,,,,,
1,,,599,,,,,,,,,,,,,,,9.999999747378752e-05,9.999999747378752e-05,3.232564267818816e-06,,,,,,,,,,,,,,,,,,,,,,,,,,
1,,,625,,,,,,,,,,,,,,,,,,0.7456143498420715,0.5245556235313416,0.8480314612388611,297.7250061035156,297.82501220703125,297.8450012207031,1.0671510696411133,0.9078969359397888,0.6681193113327026,0.7936476469039917,3.37843656539917,0.03336143493652344,0.03421670198440552,0.04078497737646103,0.5450387001037598,0.5735049843788147,0.5831925272941589,0.18072175979614258,0.18256086111068726,0.20416021347045898,0.8877387046813965,0.6350849866867065,0.6885970234870911,0.7734941244125366,0.883368730545044,0.8158016800880432
1,288.8999938964844,38.900001525878906,625,3892.237548828125,3895.013671875,3696.462158203125,0.6379773616790771,2.9900872707366943,0.02713310346007347,0.02930988185107708,0.04208018630743027,0.4542471170425415,0.5226441621780396,0.5345127582550049,0.1482740342617035,0.15619391202926636,0.18856514990329742,,,,,,,,,,,,,,,,,,,,,,,,,,,,,
2,,,649,,,,,,,,,,,,,,,9.999999747378752e-05,9.999999747378752e-05,3.232564267818816e-06,,,,,,,,,,,,,,,,,,,,,,,,,,
2,,,699,,,,,,,,,,,,,,,9.999999747378752e-05,9.999999747378752e-05,3.232564267818816e-06,,,,,,,,,,,,,,,,,,,,,,,,,,
2,,,749,,,,,,,,,,,,,,,9.999999747378752e-05,9.999999747378752e-05,3.232564267818816e-06,,,,,,,,,,,,,,,,,,,,,,,,,,
2,,,799,,,,,,,,,,,,,,,9.999999747378752e-05,9.999999747378752e-05,3.232564267818816e-06,,,,,,,,,,,,,,,,,,,,,,,,,,
2,,,849,,,,,,,,,,,,,,,9.999999747378752e-05,9.999999747378752e-05,3.232564267818816e-06,,,,,,,,,,,,,,,,,,,,,,,,,,
2,,,899,,,,,,,,,,,,,,,9.999999747378752e-05,9.999999747378752e-05,3.232564267818816e-06,,,,,,,,,,,,,,,,,,,,,,,,,,
2,,,938,,,,,,,,,,,,,,,,,,,,,297.5612487792969,297.4024963378906,297.82501220703125,0.9564655423164368,,,,3.6034843921661377,0.03608352318406105,0.03761744871735573,0.048879992216825485,0.5587856769561768,0.5789253115653992,0.6366711258888245,0.18798889219760895,0.1955331563949585,0.22457675635814667,,,,,,
2,246.3000030517578,32.29999923706055,938,3892.825927734375,3894.54833984375,3724.80419921875,0.4119636118412018,2.7321248054504395,0.02413814701139927,0.025666069239377975,0.03726356104016304,0.42393171787261963,0.47461459040641785,0.5006680488586426,0.1361197680234909,0.14228154718875885,0.1703842729330063,,,,,,,,,,,,,,,,,,,,,,,,,,,,,
3,,,949,,,,,,,,,,,,,,,9.999999747378752e-05,9.999999747378752e-05,3.232564267818816e-06,,,,,,,,,,,,,,,,,,,,,,,,,,
3,,,999,,,,,,,,,,,,,,,9.999999747378752e-05,9.999999747378752e-05,3.232564267818816e-06,,,,,,,,,,,,,,,,,,,,,,,,,,
3,,,1049,,,,,,,,,,,,,,,9.999999747378752e-05,9.999999747378752e-05,3.232564267818816e-06,,,,,,,,,,,,,,,,,,,,,,,,,,
3,,,1099,,,,,,,,,,,,,,,9.999999747378752e-05,9.999999747378752e-05,3.232564267818816e-06,,,,,,,,,,,,,,,,,,,,,,,,,,
3,,,1149,,,,,,,,,,,,,,,9.999999747378752e-05,9.999999747378752e-05,3.232564267818816e-06,,,,,,,,,,,,,,,,,,,,,,,,,,
3,,,1199,,,,,,,,,,,,,,,9.999999747378752e-05,9.999999747378752e-05,3.232564267818816e-06,,,,,,,,,,,,,,,,,,,,,,,,,,
3,,,1249,,,,,,,,,,,,,,,9.999999747378752e-05,9.999999747378752e-05,3.232564267818816e-06,,,,,,,,,,,,,,,,,,,,,,,,,,
3,,,1251,,,,,,,,,,,,,,,,,,0.7458757758140564,0.5269573330879211,0.8589462637901306,297.64874267578125,296.2349853515625,297.8424987792969,2.178072452545166,0.9065690040588379,0.6709669828414917,0.7897616028785706,3.407623529434204,0.03382504731416702,0.035203494131565094,0.04491521418094635,0.51328444480896,0.5396568775177002,0.5863147377967834,0.18569360673427582,0.19168172776699066,0.22194914519786835,0.8813382387161255,0.6364165544509888,0.6836041212081909,0.7691110372543335,0.9059215188026428,0.8166869878768921
3,291.0,28.0,1251,3893.986328125,3885.177001953125,3711.38818359375,0.2970104217529297,2.6389665603637695,0.022946052253246307,0.024656502529978752,0.03593103587627411,0.41229915618896484,0.4575916826725006,0.4906397759914398,0.12948450446128845,0.1358841508626938,0.16501542925834656,,,,,,,,,,,,,,,,,,,,,,,,,,,,,
4,,,1299,,,,,,,,,,,,,,,9.999999747378752e-05,9.999999747378752e-05,3.232564267818816e-06,,,,,,,,,,,,,,,,,,,,,,,,,,
4,,,1349,,,,,,,,,,,,,,,9.999999747378752e-05,9.999999747378752e-05,3.232564267818816e-06,,,,,,,,,,,,,,,,,,,,,,,,,,
4,,,1399,,,,,,,,,,,,,,,9.999999747378752e-05,9.999999747378752e-05,3.232564267818816e-06,,,,,,,,,,,,,,,,,,,,,,,,,,
4,,,1449,,,,,,,,,,,,,,,9.999999747378752e-05,9.999999747378752e-05,3.232564267818816e-06,,,,,,,,,,,,,,,,,,,,,,,,,,
4,,,1499,,,,,,,,,,,,,,,9.999999747378752e-05,9.999999747378752e-05,3.232564267818816e-06,,,,,,,,,,,,,,,,,,,,,,,,,,
4,,,1549,,,,,,,,,,,,,,,9.999999747378752e-05,9.999999747378752e-05,3.232564267818816e-06,,,,,,,,,,,,,,,,,,,,,,,,,,
4,,,1564,,,,,,,,,,,,,,,,,,,,,297.80999755859375,297.5362548828125,297.8475036621094,0.8525869250297546,,,,3.374624252319336,0.03491747006773949,0.03637143597006798,0.04238138720393181,0.506351113319397,0.5312908887863159,0.5647281408309937,0.19110620021820068,0.19515472650527954,0.21569089591503143,,,,,,
4,263.0,23.100000381469727,1564,3896.759521484375,3892.45556640625,3694.37060546875,0.3128945827484131,2.676037073135376,0.024048691615462303,0.02546319179236889,0.03681595250964165,0.41299906373023987,0.45667460560798645,0.49467453360557556,0.13311372697353363,0.13904313743114471,0.1678684651851654,,,,,,,,,,,,,,,,,,,,,,,,,,,,,
5,,,1599,,,,,,,,,,,,,,,9.999999747378752e-05,9.999999747378752e-05,3.232564267818816e-06,,,,,,,,,,,,,,,,,,,,,,,,,,
5,,,1649,,,,,,,,,,,,,,,9.999999747378752e-05,9.999999747378752e-05,3.232564267818816e-06,,,,,,,,,,,,,,,,,,,,,,,,,,
5,,,1699,,,,,,,,,,,,,,,9.999999747378752e-05,9.999999747378752e-05,3.232564267818816e-06,,,,,,,,,,,,,,,,,,,,,,,,,,
5,,,1749,,,,,,,,,,,,,,,9.999999747378752e-05,9.999999747378752e-05,3.232564267818816e-06,,,,,,,,,,,,,,,,,,,,,,,,,,
5,,,1799,,,,,,,,,,,,,,,9.999999747378752e-05,9.999999747378752e-05,3.232564267818816e-06,,,,,,,,,,,,,,,,,,,,,,,,,,
5,,,1849,,,,,,,,,,,,,,,9.999999747378752e-05,9.999999747378752e-05,3.232564267818816e-06,,,,,,,,,,,,,,,,,,,,,,,,,,
5,,,1877,,,,,,,,,,,,,,,,,,0.7171710133552551,0.5286020040512085,0.8774371147155762,297.7774963378906,297.11248779296875,297.84124755859375,0.6496813297271729,0.9040901064872742,0.6607315540313721,0.7778695821762085,3.4621033668518066,0.03751980513334274,0.039181120693683624,0.047738250344991684,0.5055789947509766,0.5312206149101257,0.5701104998588562,0.19457502663135529,0.20055197179317474,0.22137153148651123,0.8898246884346008,0.6228864789009094,0.6585481762886047,0.756665050983429,0.9216516017913818,0.8373213410377502
5,289.0,18.600000381469727,1877,3897.234130859375,3892.861328125,3730.645751953125,0.20553043484687805,2.545492172241211,0.022533388808369637,0.023986482992768288,0.0345124788582325,0.3985731899738312,0.4314119815826416,0.4779813587665558,0.12614677846431732,0.13179881870746613,0.15823614597320557,,,,,,,,,,,,,,,,,,,,,,,,,,,,,
6,,,1899,,,,,,,,,,,,,,,9.999999747378752e-05,9.999999747378752e-05,3.232564267818816e-06,,,,,,,,,,,,,,,,,,,,,,,,,,
6,,,1949,,,,,,,,,,,,,,,9.999999747378752e-05,9.999999747378752e-05,3.232564267818816e-06,,,,,,,,,,,,,,,,,,,,,,,,,,
6,,,1999,,,,,,,,,,,,,,,9.999999747378752e-05,9.999999747378752e-05,3.232564267818816e-06,,,,,,,,,,,,,,,,,,,,,,,,,,
6,,,2049,,,,,,,,,,,,,,,9.999999747378752e-05,9.999999747378752e-05,3.232564267818816e-06,,,,,,,,,,,,,,,,,,,,,,,,,,
6,,,2099,,,,,,,,,,,,,,,9.999999747378752e-05,9.999999747378752e-05,3.232564267818816e-06,,,,,,,,,,,,,,,,,,,,,,,,,,
6,,,2149,,,,,,,,,,,,,,,9.999999747378752e-05,9.999999747378752e-05,3.232564267818816e-06,,,,,,,,,,,,,,,,,,,,,,,,,,
6,,,2190,,,,,,,,,,,,,,,,,,,,,297.7774963378906,296.9375,297.84625244140625,0.6411854028701782,,,,3.267777919769287,0.032897137105464935,0.0335187092423439,0.042575474828481674,0.49428412318229675,0.5134963393211365,0.5640124082565308,0.18150685727596283,0.18456976115703583,0.20943742990493774,,,,,,
6,263.79998779296875,13.800000190734863,2190,3895.8076171875,3889.801025390625,3699.209228515625,0.19814768433570862,2.543842077255249,0.02228676527738571,0.023695815354585648,0.03485073149204254,0.39562633633613586,0.4347512722015381,0.47641581296920776,0.12560969591140747,0.13128747045993805,0.15954358875751495,,,,,,,,,,,,,,,,,,,,,,,,,,,,,
7,,,2199,,,,,,,,,,,,,,,9.999999747378752e-05,9.999999747378752e-05,3.232564267818816e-06,,,,,,,,,,,,,,,,,,,,,,,,,,
7,,,2249,,,,,,,,,,,,,,,9.999999747378752e-05,9.999999747378752e-05,3.232564267818816e-06,,,,,,,,,,,,,,,,,,,,,,,,,,
7,,,2299,,,,,,,,,,,,,,,9.999999747378752e-05,9.999999747378752e-05,3.232564267818816e-06,,,,,,,,,,,,,,,,,,,,,,,,,,
7,,,2349,,,,,,,,,,,,,,,9.999999747378752e-05,9.999999747378752e-05,3.232564267818816e-06,,,,,,,,,,,,,,,,,,,,,,,,,,
7,,,2399,,,,,,,,,,,,,,,9.999999747378752e-05,9.999999747378752e-05,3.232564267818816e-06,,,,,,,,,,,,,,,,,,,,,,,,,,
7,,,2449,,,,,,,,,,,,,,,9.999999747378752e-05,9.999999747378752e-05,3.232564267818816e-06,,,,,,,,,,,,,,,,,,,,,,,,,,
7,,,2499,,,,,,,,,,,,,,,9.999999747378752e-05,9.999999747378752e-05,3.232564267818816e-06,,,,,,,,,,,,,,,,,,,,,,,,,,
7,,,2503,,,,,,,,,,,,,,,,,,0.7526403069496155,0.5290911793708801,0.8749679923057556,297.5662536621094,293.62750244140625,297.833740234375,1.011357069015503,0.9127167463302612,0.6725841760635376,0.7768372297286987,3.3696277141571045,0.03461150452494621,0.0358445905148983,0.04642366245388985,0.49496012926101685,0.5272537469863892,0.5724795460700989,0.1858563870191574,0.1894071251153946,0.22000457346439362,0.8979807496070862,0.6408657431602478,0.6875799298286438,0.7579158544540405,0.8956651091575623,0.8554215431213379
7,290.3999938964844,9.300000190734863,2503,3896.418212890625,3879.694091796875,3742.43212890625,0.16762889921665192,2.4287703037261963,0.02080773189663887,0.022122958675026894,0.03296442702412605,0.3802982568740845,0.41450735926628113,0.4665844142436981,0.11844351887702942,0.12364580482244492,0.15186390280723572,,,,,,,,,,,,,,,,,,,,,,,,,,,,,
8,,,2549,,,,,,,,,,,,,,,9.999999747378752e-05,9.999999747378752e-05,3.232564267818816e-06,,,,,,,,,,,,,,,,,,,,,,,,,,
8,,,2599,,,,,,,,,,,,,,,9.999999747378752e-05,9.999999747378752e-05,3.232564267818816e-06,,,,,,,,,,,,,,,,,,,,,,,,,,
8,,,2649,,,,,,,,,,,,,,,9.999999747378752e-05,9.999999747378752e-05,3.232564267818816e-06,,,,,,,,,,,,,,,,,,,,,,,,,,
8,,,2699,,,,,,,,,,,,,,,9.999999747378752e-05,9.999999747378752e-05,3.232564267818816e-06,,,,,,,,,,,,,,,,,,,,,,,,,,
8,,,2749,,,,,,,,,,,,,,,9.999999747378752e-05,9.999999747378752e-05,3.232564267818816e-06,,,,,,,,,,,,,,,,,,,,,,,,,,
8,,,2799,,,,,,,,,,,,,,,9.999999747378752e-05,9.999999747378752e-05,3.232564267818816e-06,,,,,,,,,,,,,,,,,,,,,,,,,,
8,,,2816,,,,,,,,,,,,,,,,,,,,,297.7300109863281,295.85125732421875,297.84625244140625,0.6962229013442993,,,,3.220449924468994,0.03290383890271187,0.03388514369726181,0.0430116169154644,0.48086124658584595,0.5017308592796326,0.5477752685546875,0.1780404895544052,0.1831459254026413,0.20935319364070892,,,,,,
8,275.0,4.599999904632568,2816,3896.104736328125,3879.970947265625,3720.137451171875,0.18345609307289124,2.434516668319702,0.020636579021811485,0.021898701786994934,0.03338548541069031,0.38343751430511475,0.41548311710357666,0.4668547511100769,0.11875012516975403,0.1239698976278305,0.15184830129146576,,,,,,,,,,,,,,,,,,,,,,,,,,,,,
9,,,2849,,,,,,,,,,,,,,,9.999999747378752e-05,9.999999747378752e-05,3.232564267818816e-06,,,,,,,,,,,,,,,,,,,,,,,,,,
9,,,2899,,,,,,,,,,,,,,,9.999999747378752e-05,9.999999747378752e-05,3.232564267818816e-06,,,,,,,,,,,,,,,,,,,,,,,,,,
9,,,2949,,,,,,,,,,,,,,,9.999999747378752e-05,9.999999747378752e-05,3.232564267818816e-06,,,,,,,,,,,,,,,,,,,,,,,,,,
9,,,2999,,,,,,,,,,,,,,,9.999999747378752e-05,9.999999747378752e-05,3.232564267818816e-06,,,,,,,,,,,,,,,,,,,,,,,,,,
9,,,3049,,,,,,,,,,,,,,,9.999999747378752e-05,9.999999747378752e-05,3.232564267818816e-06,,,,,,,,,,,,,,,,,,,,,,,,,,
9,,,3099,,,,,,,,,,,,,,,9.999999747378752e-05,9.999999747378752e-05,3.232564267818816e-06,,,,,,,,,,,,,,,,,,,,,,,,,,
9,,,3129,,,,,,,,,,,,,,,,,,0.7630376815795898,0.554113507270813,0.8901084661483765,297.55999755859375,295.728759765625,297.8450012207031,0.6265326142311096,0.9174919128417969,0.674971342086792,0.775273323059082,3.3534979820251465,0.03373683616518974,0.03562866523861885,0.046673841774463654,0.494487464427948,0.5074159502983093,0.575683057308197,0.18290600180625916,0.1895465850830078,0.22540493309497833,0.910089373588562,0.6585755944252014,0.7237833738327026,0.7592653632164001,0.9271355271339417,0.8565789461135864
9,291.1000061035156,0.0,3129,3895.92724609375,3882.60498046875,3686.758056640625,0.21056047081947327,2.404780387878418,0.020509028807282448,0.021923471242189407,0.03264886140823364,0.3790711462497711,0.4104413390159607,0.46025076508522034,0.1171872541308403,0.12301294505596161,0.14960543811321259,,,,,,,,,,,,,,,,,,,,,,,,,,,,,
